-- phpMyAdmin SQL Dump
-- version 5.0.3
-- https://www.phpmyadmin.net/
--
-- Host: 127.0.0.1
-- Waktu pembuatan: 07 Nov 2021 pada 08.03
-- Versi server: 10.4.14-MariaDB
-- Versi PHP: 7.2.34

SET SQL_MODE = "NO_AUTO_VALUE_ON_ZERO";
START TRANSACTION;
SET time_zone = "+00:00";


/*!40101 SET @OLD_CHARACTER_SET_CLIENT=@@CHARACTER_SET_CLIENT */;
/*!40101 SET @OLD_CHARACTER_SET_RESULTS=@@CHARACTER_SET_RESULTS */;
/*!40101 SET @OLD_COLLATION_CONNECTION=@@COLLATION_CONNECTION */;
/*!40101 SET NAMES utf8mb4 */;

--
-- Database: `output_order`
--

-- --------------------------------------------------------

--
-- Struktur dari tabel `dim_karyawan`
--

CREATE TABLE `dim_karyawan` (
  `employeeNumber` int(11) DEFAULT NULL,
  `nama` tinytext DEFAULT NULL,
  `phone` varchar(50) DEFAULT NULL,
  `city` varchar(50) DEFAULT NULL,
  `alamat` tinytext DEFAULT NULL,
  `email` varchar(100) DEFAULT NULL,
  `state` varchar(50) DEFAULT NULL,
  `officeCode` varchar(10) DEFAULT NULL,
  `jobTitle` varchar(50) DEFAULT NULL,
  `country` varchar(50) DEFAULT NULL,
  `id_karyawan` int(11) DEFAULT NULL
) ENGINE=InnoDB DEFAULT CHARSET=utf8mb4;

--
-- Dumping data untuk tabel `dim_karyawan`
--

INSERT INTO `dim_karyawan` (`employeeNumber`, `nama`, `phone`, `city`, `alamat`, `email`, `state`, `officeCode`, `jobTitle`, `country`, `id_karyawan`) VALUES
(1002, 'Diane Murphy', '+1 650 219 4782', 'San Francisco', '100 Market Street Suite 300', 'dmurphy@classicmodelcars.com', 'CA', '1', 'President', 'USA', 1),
(1056, 'Mary Patterson', '+1 650 219 4782', 'San Francisco', '100 Market Street Suite 300', 'mpatterso@classicmodelcars.com', 'CA', '1', 'VP Sales', 'USA', 2),
(1076, 'Jeff Firrelli', '+1 650 219 4782', 'San Francisco', '100 Market Street Suite 300', 'jfirrelli@classicmodelcars.com', 'CA', '1', 'VP Marketing', 'USA', 3),
(1088, 'William Patterson', '+61 2 9264 2451', 'Sydney', '5-11 Wentworth Avenue Floor #2', 'wpatterson@classicmodelcars.com', NULL, '6', 'Sales Manager (APAC)', 'Australia', 4),
(1102, 'Gerard Bondur', '+33 14 723 4404', 'Paris', '43 Rue Jouffroy D\'abbans ', 'gbondur@classicmodelcars.com', NULL, '4', 'Sale Manager (EMEA)', 'France', 5),
(1143, 'Anthony Bow', '+1 650 219 4782', 'San Francisco', '100 Market Street Suite 300', 'abow@classicmodelcars.com', 'CA', '1', 'Sales Manager (NA)', 'USA', 6),
(1165, 'Leslie Jennings', '+1 650 219 4782', 'San Francisco', '100 Market Street Suite 300', 'ljennings@classicmodelcars.com', 'CA', '1', 'Sales Rep', 'USA', 7),
(1166, 'Leslie Thompson', '+1 650 219 4782', 'San Francisco', '100 Market Street Suite 300', 'lthompson@classicmodelcars.com', 'CA', '1', 'Sales Rep', 'USA', 8),
(1188, 'Julie Firrelli', '+1 215 837 0825', 'Boston', '1550 Court Place Suite 102', 'jfirrelli@classicmodelcars.com', 'MA', '2', 'Sales Rep', 'USA', 9),
(1216, 'Steve Patterson', '+1 215 837 0825', 'Boston', '1550 Court Place Suite 102', 'spatterson@classicmodelcars.com', 'MA', '2', 'Sales Rep', 'USA', 10),
(1286, 'Foon Yue Tseng', '+1 212 555 3000', 'NYC', '523 East 53rd Street apt. 5A', 'ftseng@classicmodelcars.com', 'NY', '3', 'Sales Rep', 'USA', 11),
(1323, 'George Vanauf', '+1 212 555 3000', 'NYC', '523 East 53rd Street apt. 5A', 'gvanauf@classicmodelcars.com', 'NY', '3', 'Sales Rep', 'USA', 12),
(1337, 'Loui Bondur', '+33 14 723 4404', 'Paris', '43 Rue Jouffroy D\'abbans ', 'lbondur@classicmodelcars.com', NULL, '4', 'Sales Rep', 'France', 13),
(1370, 'Gerard Hernandez', '+33 14 723 4404', 'Paris', '43 Rue Jouffroy D\'abbans ', 'ghernande@classicmodelcars.com', NULL, '4', 'Sales Rep', 'France', 14),
(1401, 'Pamela Castillo', '+33 14 723 4404', 'Paris', '43 Rue Jouffroy D\'abbans ', 'pcastillo@classicmodelcars.com', NULL, '4', 'Sales Rep', 'France', 15),
(1501, 'Larry Bott', '+44 20 7877 2041', 'London', '25 Old Broad Street Level 7', 'lbott@classicmodelcars.com', NULL, '7', 'Sales Rep', 'UK', 16),
(1504, 'Barry Jones', '+44 20 7877 2041', 'London', '25 Old Broad Street Level 7', 'bjones@classicmodelcars.com', NULL, '7', 'Sales Rep', 'UK', 17),
(1611, 'Andy Fixter', '+61 2 9264 2451', 'Sydney', '5-11 Wentworth Avenue Floor #2', 'afixter@classicmodelcars.com', NULL, '6', 'Sales Rep', 'Australia', 18),
(1612, 'Peter Marsh', '+61 2 9264 2451', 'Sydney', '5-11 Wentworth Avenue Floor #2', 'pmarsh@classicmodelcars.com', NULL, '6', 'Sales Rep', 'Australia', 19),
(1619, 'Tom King', '+61 2 9264 2451', 'Sydney', '5-11 Wentworth Avenue Floor #2', 'tking@classicmodelcars.com', NULL, '6', 'Sales Rep', 'Australia', 20),
(1621, 'Mami Nishi', '+81 33 224 5000', 'Tokyo', '4-1 Kioicho ', 'mnishi@classicmodelcars.com', 'Chiyoda-Ku', '5', 'Sales Rep', 'Japan', 21),
(1625, 'Yoshimi Kato', '+81 33 224 5000', 'Tokyo', '4-1 Kioicho ', 'ykato@classicmodelcars.com', 'Chiyoda-Ku', '5', 'Sales Rep', 'Japan', 22),
(1702, 'Martin Gerard', '+33 14 723 4404', 'Paris', '43 Rue Jouffroy D\'abbans ', 'mgerard@classicmodelcars.com', NULL, '4', 'Sales Rep', 'France', 23);

-- --------------------------------------------------------

--
-- Struktur dari tabel `dim_order`
--

CREATE TABLE `dim_order` (
  `id_order` int(11) DEFAULT NULL,
  `nomor_pesanan` int(11) DEFAULT NULL,
  `kode_barang` varchar(15) DEFAULT NULL,
  `jumlah_pesanan` int(11) DEFAULT NULL,
  `harga_barang` double DEFAULT NULL,
  `customerNumber` int(11) DEFAULT NULL,
  `orderDate` datetime DEFAULT NULL,
  `status` varchar(15) DEFAULT NULL
) ENGINE=InnoDB DEFAULT CHARSET=utf8mb4;

--
-- Dumping data untuk tabel `dim_order`
--

INSERT INTO `dim_order` (`id_order`, `nomor_pesanan`, `kode_barang`, `jumlah_pesanan`, `harga_barang`, `customerNumber`, `orderDate`, `status`) VALUES
(1, 10100, 'S24_3969', 49, 35.29, 363, '2003-01-06 00:00:00', 'Shipped'),
(2, 10101, 'S24_2022', 46, 44.35, 128, '2003-01-09 00:00:00', 'Shipped'),
(3, 10102, 'S18_1367', 41, 43.13, 181, '2003-01-10 00:00:00', 'Shipped'),
(4, 10103, 'S700_2824', 42, 94.07, 121, '2003-01-29 00:00:00', 'Shipped'),
(5, 10104, 'S50_1514', 32, 53.31, 141, '2003-01-31 00:00:00', 'Shipped'),
(6, 10105, 'S72_3212', 25, 44.77, 145, '2003-02-11 00:00:00', 'Shipped'),
(7, 10106, 'S72_1253', 48, 43.7, 278, '2003-02-17 00:00:00', 'Shipped'),
(8, 10107, 'S32_1374', 20, 88.9, 131, '2003-02-24 00:00:00', 'Shipped'),
(9, 10108, 'S50_4713', 34, 74.85, 385, '2003-03-03 00:00:00', 'Shipped'),
(10, 10109, 'S24_2972', 29, 32.1, 486, '2003-03-10 00:00:00', 'Shipped'),
(11, 10110, 'S24_3969', 48, 35.29, 187, '2003-03-18 00:00:00', 'Shipped'),
(12, 10111, 'S24_4258', 26, 85.7, 129, '2003-03-25 00:00:00', 'Shipped'),
(13, 10112, 'S18_2949', 23, 85.1, 144, '2003-03-24 00:00:00', 'Shipped'),
(14, 10113, 'S32_3522', 23, 58.82, 124, '2003-03-26 00:00:00', 'Shipped'),
(15, 10114, 'S700_2824', 42, 82.94, 172, '2003-04-01 00:00:00', 'Shipped'),
(16, 10115, 'S50_1392', 27, 100.7, 424, '2003-04-04 00:00:00', 'Shipped'),
(17, 10116, 'S32_3207', 27, 60.28, 381, '2003-04-11 00:00:00', 'Shipped'),
(18, 10117, 'S72_3212', 50, 52.42, 148, '2003-04-16 00:00:00', 'Shipped'),
(19, 10118, 'S700_3505', 36, 86.15, 216, '2003-04-21 00:00:00', 'Shipped'),
(20, 10119, 'S72_1253', 28, 40.22, 382, '2003-04-28 00:00:00', 'Shipped'),
(21, 10120, 'S700_3167', 43, 72, 114, '2003-04-29 00:00:00', 'Shipped'),
(22, 10121, 'S50_4713', 44, 72.41, 353, '2003-05-07 00:00:00', 'Shipped'),
(23, 10122, 'S32_2206', 31, 33.79, 350, '2003-05-08 00:00:00', 'Shipped'),
(24, 10123, 'S24_1628', 50, 43.27, 103, '2003-05-20 00:00:00', 'Shipped'),
(25, 10124, 'S24_3969', 46, 36.11, 112, '2003-05-21 00:00:00', 'Shipped'),
(26, 10125, 'S18_2795', 34, 138.38, 114, '2003-05-21 00:00:00', 'Shipped'),
(27, 10126, 'S700_2824', 45, 97.1, 458, '2003-05-28 00:00:00', 'Shipped'),
(28, 10127, 'S50_1514', 46, 55.65, 151, '2003-06-03 00:00:00', 'Shipped'),
(29, 10128, 'S700_1938', 32, 72.75, 141, '2003-06-06 00:00:00', 'Shipped'),
(30, 10129, 'S72_3212', 32, 44.23, 324, '2003-06-12 00:00:00', 'Shipped'),
(31, 10130, 'S18_3856', 33, 99.52, 198, '2003-06-16 00:00:00', 'Shipped'),
(32, 10131, 'S72_1253', 21, 40.22, 447, '2003-06-16 00:00:00', 'Shipped'),
(33, 10132, 'S700_3167', 36, 80, 323, '2003-06-25 00:00:00', 'Shipped'),
(34, 10133, 'S700_2834', 27, 115.09, 141, '2003-06-27 00:00:00', 'Shipped'),
(35, 10134, 'S24_2000', 43, 75.41, 250, '2003-07-01 00:00:00', 'Shipped'),
(36, 10135, 'S50_4713', 44, 78.92, 124, '2003-07-02 00:00:00', 'Shipped'),
(37, 10136, 'S18_3232', 41, 169.34, 242, '2003-07-04 00:00:00', 'Shipped'),
(38, 10137, 'S24_1628', 26, 40.25, 353, '2003-07-10 00:00:00', 'Shipped'),
(39, 10138, 'S24_3969', 29, 32.82, 496, '2003-07-07 00:00:00', 'Shipped'),
(40, 10139, 'S24_4258', 29, 93.49, 282, '2003-07-16 00:00:00', 'Shipped'),
(41, 10140, 'S700_2824', 36, 101.15, 161, '2003-07-24 00:00:00', 'Shipped'),
(42, 10141, 'S50_1392', 44, 94.92, 334, '2003-08-01 00:00:00', 'Shipped'),
(43, 10142, 'S72_3212', 39, 46.96, 124, '2003-08-08 00:00:00', 'Shipped'),
(44, 10143, 'S72_1253', 37, 49.66, 320, '2003-08-10 00:00:00', 'Shipped'),
(45, 10144, 'S32_4289', 20, 56.41, 381, '2003-08-13 00:00:00', 'Shipped'),
(46, 10145, 'S700_2834', 20, 113.9, 205, '2003-08-25 00:00:00', 'Shipped'),
(47, 10146, 'S18_4721', 29, 130.94, 447, '2003-09-03 00:00:00', 'Shipped'),
(48, 10147, 'S24_4620', 31, 72.76, 379, '2003-09-05 00:00:00', 'Shipped'),
(49, 10148, 'S24_3432', 27, 96.37, 276, '2003-09-11 00:00:00', 'Shipped'),
(50, 10149, 'S24_4258', 20, 90.57, 487, '2003-09-12 00:00:00', 'Shipped'),
(51, 10150, 'S700_2824', 20, 95.08, 148, '2003-09-19 00:00:00', 'Shipped'),
(52, 10151, 'S50_1392', 26, 108.81, 311, '2003-09-21 00:00:00', 'Shipped'),
(53, 10152, 'S32_3207', 33, 57.17, 333, '2003-09-25 00:00:00', 'Shipped'),
(54, 10153, 'S72_3212', 50, 51.87, 141, '2003-09-28 00:00:00', 'Shipped'),
(55, 10154, 'S700_2610', 36, 59.27, 219, '2003-10-02 00:00:00', 'Shipped'),
(56, 10155, 'S72_1253', 34, 49.16, 186, '2003-10-06 00:00:00', 'Shipped'),
(57, 10156, 'S700_1691', 48, 77.64, 141, '2003-10-08 00:00:00', 'Shipped'),
(58, 10157, 'S700_2834', 48, 109.16, 473, '2003-10-09 00:00:00', 'Shipped'),
(59, 10158, 'S24_2000', 22, 67.79, 121, '2003-10-10 00:00:00', 'Shipped'),
(60, 10159, 'S50_4713', 31, 78.11, 321, '2003-10-10 00:00:00', 'Shipped'),
(61, 10160, 'S24_3856', 35, 130.6, 347, '2003-10-11 00:00:00', 'Shipped'),
(62, 10161, 'S24_3432', 30, 94.23, 227, '2003-10-17 00:00:00', 'Shipped'),
(63, 10162, 'S24_3969', 37, 32.82, 321, '2003-10-18 00:00:00', 'Shipped'),
(64, 10163, 'S24_4258', 42, 96.42, 424, '2003-10-20 00:00:00', 'Shipped'),
(65, 10164, 'S700_2824', 39, 86.99, 452, '2003-10-21 00:00:00', 'Resolved'),
(66, 10165, 'S50_1514', 38, 49.21, 148, '2003-10-22 00:00:00', 'Shipped'),
(67, 10166, 'S700_1938', 29, 76.22, 462, '2003-10-21 00:00:00', 'Shipped'),
(68, 10167, 'S72_3212', 38, 43.68, 448, '2003-10-23 00:00:00', 'Cancelled'),
(69, 10168, 'S700_4002', 39, 67.37, 161, '2003-10-28 00:00:00', 'Shipped'),
(70, 10169, 'S50_4713', 48, 75.66, 276, '2003-11-04 00:00:00', 'Shipped'),
(71, 10170, 'S24_3856', 34, 130.6, 452, '2003-11-04 00:00:00', 'Shipped'),
(72, 10171, 'S24_2972', 36, 34.74, 233, '2003-11-05 00:00:00', 'Shipped'),
(73, 10172, 'S24_3432', 22, 87.81, 175, '2003-11-05 00:00:00', 'Shipped'),
(74, 10173, 'S24_4258', 22, 93.49, 278, '2003-11-05 00:00:00', 'Shipped'),
(75, 10174, 'S18_4668', 49, 44.27, 333, '2003-11-06 00:00:00', 'Shipped'),
(76, 10175, 'S700_2824', 42, 80.92, 324, '2003-11-06 00:00:00', 'Shipped'),
(77, 10176, 'S50_1514', 38, 52.14, 386, '2003-11-06 00:00:00', 'Shipped'),
(78, 10177, 'S72_3212', 40, 52.96, 344, '2003-11-07 00:00:00', 'Shipped'),
(79, 10178, 'S72_1253', 45, 41.71, 242, '2003-11-08 00:00:00', 'Shipped'),
(80, 10179, 'S700_3167', 39, 80, 496, '2003-11-11 00:00:00', 'Cancelled'),
(81, 10180, 'S50_4713', 21, 74.85, 171, '2003-11-11 00:00:00', 'Shipped'),
(82, 10181, 'S24_3856', 25, 122.17, 167, '2003-11-12 00:00:00', 'Shipped'),
(83, 10182, 'S24_3969', 23, 34.88, 124, '2003-11-12 00:00:00', 'Shipped'),
(84, 10183, 'S700_2824', 23, 85.98, 339, '2003-11-13 00:00:00', 'Shipped'),
(85, 10184, 'S50_1392', 45, 92.6, 484, '2003-11-14 00:00:00', 'Shipped'),
(86, 10185, 'S72_3212', 28, 47.5, 320, '2003-11-14 00:00:00', 'Shipped'),
(87, 10186, 'S72_1253', 28, 42.71, 489, '2003-11-14 00:00:00', 'Shipped'),
(88, 10187, 'S700_4002', 44, 70.33, 211, '2003-11-15 00:00:00', 'Shipped'),
(89, 10188, 'S700_2834', 29, 96.11, 167, '2003-11-18 00:00:00', 'Shipped'),
(90, 10189, 'S12_2823', 28, 138.57, 205, '2003-11-18 00:00:00', 'Shipped'),
(91, 10190, 'S50_4713', 40, 67.53, 141, '2003-11-19 00:00:00', 'Shipped'),
(92, 10191, 'S24_4620', 44, 77.61, 259, '2003-11-20 00:00:00', 'Shipped'),
(93, 10192, 'S24_3856', 45, 112.34, 363, '2003-11-20 00:00:00', 'Shipped'),
(94, 10193, 'S24_4258', 20, 92.52, 471, '2003-11-21 00:00:00', 'Shipped'),
(95, 10194, 'S700_2824', 26, 80.92, 146, '2003-11-25 00:00:00', 'Shipped'),
(96, 10195, 'S50_1392', 49, 97.23, 319, '2003-11-25 00:00:00', 'Shipped'),
(97, 10196, 'S700_1938', 50, 84.88, 455, '2003-11-26 00:00:00', 'Shipped'),
(98, 10197, 'S72_3212', 42, 48.59, 216, '2003-11-26 00:00:00', 'Shipped'),
(99, 10198, 'S700_4002', 40, 74.03, 385, '2003-11-27 00:00:00', 'Shipped'),
(100, 10199, 'S700_3167', 38, 70.4, 475, '2003-12-01 00:00:00', 'Shipped'),
(101, 10200, 'S700_2834', 39, 115.09, 211, '2003-12-01 00:00:00', 'Shipped'),
(102, 10201, 'S24_2000', 25, 66.27, 129, '2003-12-01 00:00:00', 'Shipped'),
(103, 10202, 'S50_4713', 40, 79.73, 357, '2003-12-02 00:00:00', 'Shipped'),
(104, 10203, 'S24_3856', 47, 140.43, 141, '2003-12-02 00:00:00', 'Shipped'),
(105, 10204, 'S24_3969', 39, 34.88, 151, '2003-12-02 00:00:00', 'Shipped'),
(106, 10205, 'S24_2022', 24, 36.74, 141, '2003-12-03 00:00:00', 'Shipped'),
(107, 10206, 'S700_2824', 33, 89.01, 202, '2003-12-05 00:00:00', 'Shipped'),
(108, 10207, 'S50_1392', 28, 106.49, 495, '2003-12-09 00:00:00', 'Shipped'),
(109, 10208, 'S72_3212', 42, 48.05, 146, '2004-01-02 00:00:00', 'Shipped'),
(110, 10209, 'S72_1253', 48, 44.2, 347, '2004-01-09 00:00:00', 'Shipped'),
(111, 10210, 'S700_4002', 42, 60.7, 177, '2004-01-12 00:00:00', 'Shipped'),
(112, 10211, 'S50_4713', 40, 70.78, 406, '2004-01-15 00:00:00', 'Shipped'),
(113, 10212, 'S24_3856', 49, 117.96, 141, '2004-01-16 00:00:00', 'Shipped'),
(114, 10213, 'S24_2887', 27, 97.48, 489, '2004-01-22 00:00:00', 'Shipped'),
(115, 10214, 'S24_3969', 44, 38.57, 458, '2004-01-26 00:00:00', 'Shipped'),
(116, 10215, 'S24_4258', 39, 94.47, 475, '2004-01-29 00:00:00', 'Shipped'),
(117, 10216, 'S12_1666', 43, 133.94, 256, '2004-02-02 00:00:00', 'Shipped'),
(118, 10217, 'S700_2824', 31, 90.02, 166, '2004-02-04 00:00:00', 'Shipped'),
(119, 10218, 'S18_3232', 34, 152.41, 473, '2004-02-09 00:00:00', 'Shipped'),
(120, 10219, 'S32_2509', 35, 47.62, 487, '2004-02-10 00:00:00', 'Shipped'),
(121, 10220, 'S50_1514', 30, 56.82, 189, '2004-02-12 00:00:00', 'Shipped'),
(122, 10221, 'S700_1938', 23, 69.29, 314, '2004-02-18 00:00:00', 'Shipped'),
(123, 10222, 'S72_3212', 36, 48.59, 239, '2004-02-19 00:00:00', 'Shipped'),
(124, 10223, 'S700_3167', 26, 79.2, 114, '2004-02-20 00:00:00', 'Shipped'),
(125, 10224, 'S50_4713', 50, 81.36, 171, '2004-02-21 00:00:00', 'Shipped'),
(126, 10225, 'S24_4620', 46, 77.61, 298, '2004-02-22 00:00:00', 'Shipped'),
(127, 10226, 'S24_3432', 48, 95.3, 239, '2004-02-26 00:00:00', 'Shipped'),
(128, 10227, 'S24_3969', 27, 34.88, 146, '2004-03-02 00:00:00', 'Shipped'),
(129, 10228, 'S24_4258', 33, 84.73, 173, '2004-03-10 00:00:00', 'Shipped'),
(130, 10229, 'S700_2824', 50, 91.04, 124, '2004-03-11 00:00:00', 'Shipped'),
(131, 10230, 'S50_1514', 43, 57.41, 128, '2004-03-15 00:00:00', 'Shipped'),
(132, 10231, 'S12_3891', 49, 147.07, 344, '2004-03-19 00:00:00', 'Shipped'),
(133, 10232, 'S72_3212', 24, 48.59, 240, '2004-03-20 00:00:00', 'Shipped'),
(134, 10233, 'S700_2610', 29, 67.94, 328, '2004-03-29 00:00:00', 'Shipped'),
(135, 10234, 'S72_1253', 40, 45.69, 412, '2004-03-30 00:00:00', 'Shipped'),
(136, 10235, 'S700_4002', 34, 70.33, 260, '2004-04-02 00:00:00', 'Shipped'),
(137, 10236, 'S24_2000', 36, 65.51, 486, '2004-04-03 00:00:00', 'Shipped'),
(138, 10237, 'S50_4713', 20, 78.92, 181, '2004-04-05 00:00:00', 'Shipped'),
(139, 10238, 'S24_4620', 22, 67.91, 145, '2004-04-09 00:00:00', 'Shipped'),
(140, 10239, 'S24_3856', 29, 133.41, 311, '2004-04-12 00:00:00', 'Shipped'),
(141, 10240, 'S18_3685', 37, 134.22, 177, '2004-04-13 00:00:00', 'Shipped'),
(142, 10241, 'S24_3432', 27, 107.08, 209, '2004-04-13 00:00:00', 'Shipped'),
(143, 10242, 'S24_3969', 46, 36.52, 456, '2004-04-20 00:00:00', 'Shipped'),
(144, 10243, 'S24_1937', 33, 30.87, 495, '2004-04-26 00:00:00', 'Shipped'),
(145, 10244, 'S24_4258', 40, 97.39, 141, '2004-04-29 00:00:00', 'Shipped'),
(146, 10245, 'S700_2824', 44, 81.93, 455, '2004-05-04 00:00:00', 'Shipped'),
(147, 10246, 'S50_1392', 22, 113.44, 141, '2004-05-05 00:00:00', 'Shipped'),
(148, 10247, 'S50_1514', 49, 51.55, 334, '2004-05-05 00:00:00', 'Shipped'),
(149, 10248, 'S72_3212', 23, 53.51, 131, '2004-05-07 00:00:00', 'Cancelled'),
(150, 10249, 'S72_1253', 32, 49.16, 173, '2004-05-08 00:00:00', 'Shipped'),
(151, 10250, 'S700_4002', 38, 65.89, 450, '2004-05-11 00:00:00', 'Shipped'),
(152, 10251, 'S24_1578', 50, 91.29, 328, '2004-05-18 00:00:00', 'Shipped'),
(153, 10252, 'S50_4713', 48, 72.41, 406, '2004-05-26 00:00:00', 'Shipped'),
(154, 10253, 'S24_3856', 39, 115.15, 201, '2004-06-01 00:00:00', 'Cancelled'),
(155, 10254, 'S24_3969', 20, 39.8, 323, '2004-06-03 00:00:00', 'Shipped'),
(156, 10255, 'S24_2022', 37, 37.63, 209, '2004-06-04 00:00:00', 'Shipped'),
(157, 10256, 'S18_1367', 29, 52.83, 145, '2004-06-08 00:00:00', 'Shipped'),
(158, 10257, 'S24_4258', 46, 81.81, 450, '2004-06-14 00:00:00', 'Shipped'),
(159, 10258, 'S700_2824', 45, 86.99, 398, '2004-06-15 00:00:00', 'Shipped'),
(160, 10259, 'S50_1392', 29, 105.33, 166, '2004-06-15 00:00:00', 'Shipped'),
(161, 10260, 'S700_1938', 33, 80.55, 357, '2004-06-16 00:00:00', 'Cancelled'),
(162, 10261, 'S72_3212', 29, 43.68, 233, '2004-06-17 00:00:00', 'Shipped'),
(163, 10262, 'S72_1253', 21, 41.71, 141, '2004-06-24 00:00:00', 'Cancelled'),
(164, 10263, 'S700_2834', 47, 117.46, 175, '2004-06-28 00:00:00', 'Shipped'),
(165, 10264, 'S50_4713', 47, 67.53, 362, '2004-06-30 00:00:00', 'Shipped'),
(166, 10265, 'S18_3482', 49, 123.47, 471, '2004-07-02 00:00:00', 'Shipped'),
(167, 10266, 'S24_3856', 24, 119.37, 386, '2004-07-06 00:00:00', 'Shipped'),
(168, 10267, 'S24_3432', 43, 98.51, 151, '2004-07-07 00:00:00', 'Shipped'),
(169, 10268, 'S24_3969', 30, 37.75, 412, '2004-07-12 00:00:00', 'Shipped'),
(170, 10269, 'S24_4258', 48, 95.44, 382, '2004-07-16 00:00:00', 'Shipped'),
(171, 10270, 'S700_2824', 46, 101.15, 282, '2004-07-19 00:00:00', 'Shipped'),
(172, 10271, 'S50_1392', 34, 93.76, 124, '2004-07-20 00:00:00', 'Shipped'),
(173, 10272, 'S50_1514', 43, 53.89, 157, '2004-07-20 00:00:00', 'Shipped'),
(174, 10273, 'S72_3212', 37, 51.32, 314, '2004-07-21 00:00:00', 'Shipped'),
(175, 10274, 'S72_1253', 32, 49.66, 379, '2004-07-21 00:00:00', 'Shipped'),
(176, 10275, 'S700_4002', 31, 59.96, 119, '2004-07-23 00:00:00', 'Shipped'),
(177, 10276, 'S50_4713', 21, 67.53, 204, '2004-08-02 00:00:00', 'Shipped'),
(178, 10277, 'S12_4675', 28, 93.28, 148, '2004-08-04 00:00:00', 'Shipped'),
(179, 10278, 'S24_3856', 25, 136.22, 112, '2004-08-06 00:00:00', 'Shipped'),
(180, 10279, 'S24_3432', 48, 95.3, 141, '2004-08-09 00:00:00', 'Shipped'),
(181, 10280, 'S24_4258', 21, 79.86, 249, '2004-08-17 00:00:00', 'Shipped'),
(182, 10281, 'S700_2824', 27, 89.01, 157, '2004-08-19 00:00:00', 'Shipped'),
(183, 10282, 'S700_1938', 43, 77.95, 124, '2004-08-20 00:00:00', 'Shipped'),
(184, 10283, 'S72_3212', 33, 49.14, 260, '2004-08-20 00:00:00', 'Shipped'),
(185, 10284, 'S700_4002', 32, 73.29, 299, '2004-08-21 00:00:00', 'Shipped'),
(186, 10285, 'S700_2834', 45, 102.04, 286, '2004-08-27 00:00:00', 'Shipped'),
(187, 10286, 'S18_3782', 38, 51.6, 172, '2004-08-28 00:00:00', 'Shipped'),
(188, 10287, 'S24_4620', 40, 79.22, 298, '2004-08-30 00:00:00', 'Shipped'),
(189, 10288, 'S24_3969', 33, 37.75, 166, '2004-09-01 00:00:00', 'Shipped'),
(190, 10289, 'S24_2022', 45, 41.22, 167, '2004-09-03 00:00:00', 'Shipped'),
(191, 10290, 'S24_4258', 45, 83.76, 198, '2004-09-07 00:00:00', 'Shipped'),
(192, 10291, 'S700_2824', 28, 86.99, 448, '2004-09-08 00:00:00', 'Shipped'),
(193, 10292, 'S50_1514', 35, 49.79, 131, '2004-09-08 00:00:00', 'Shipped'),
(194, 10293, 'S72_3212', 32, 51.32, 249, '2004-09-09 00:00:00', 'Shipped'),
(195, 10294, 'S700_3962', 45, 98.32, 204, '2004-09-10 00:00:00', 'Shipped'),
(196, 10295, 'S700_3505', 34, 93.16, 362, '2004-09-10 00:00:00', 'Shipped'),
(197, 10296, 'S72_1253', 21, 46.68, 415, '2004-09-15 00:00:00', 'Shipped'),
(198, 10297, 'S700_2834', 35, 111.53, 189, '2004-09-16 00:00:00', 'Shipped'),
(199, 10298, 'S18_2625', 32, 60.57, 103, '2004-09-27 00:00:00', 'Shipped'),
(200, 10299, 'S50_4713', 44, 77.29, 186, '2004-09-30 00:00:00', 'Shipped'),
(201, 10300, 'S24_3371', 31, 52.05, 128, '2003-10-04 00:00:00', 'Shipped'),
(202, 10301, 'S24_3856', 50, 122.17, 299, '2003-10-05 00:00:00', 'Shipped'),
(203, 10302, 'S24_3191', 48, 74.48, 201, '2003-10-06 00:00:00', 'Shipped'),
(204, 10303, 'S24_3969', 24, 35.7, 484, '2004-10-06 00:00:00', 'Shipped'),
(205, 10304, 'S700_2824', 40, 80.92, 256, '2004-10-11 00:00:00', 'Shipped'),
(206, 10305, 'S50_1392', 42, 109.96, 286, '2004-10-13 00:00:00', 'Shipped'),
(207, 10306, 'S72_3212', 35, 48.05, 187, '2004-10-14 00:00:00', 'Shipped'),
(208, 10307, 'S72_1253', 34, 44.2, 339, '2004-10-14 00:00:00', 'Shipped'),
(209, 10308, 'S700_4002', 39, 62.93, 319, '2004-10-15 00:00:00', 'Shipped'),
(210, 10309, 'S50_4713', 28, 74.04, 121, '2004-10-15 00:00:00', 'Shipped'),
(211, 10310, 'S32_2206', 36, 38.62, 259, '2004-10-16 00:00:00', 'Shipped'),
(212, 10311, 'S24_3432', 46, 91.02, 141, '2004-10-16 00:00:00', 'Shipped'),
(213, 10312, 'S24_4258', 44, 96.42, 124, '2004-10-21 00:00:00', 'Shipped'),
(214, 10313, 'S700_2824', 30, 96.09, 202, '2004-10-22 00:00:00', 'Shipped'),
(215, 10314, 'S700_1938', 23, 83.15, 227, '2004-10-22 00:00:00', 'Shipped'),
(216, 10315, 'S72_3212', 40, 51.32, 119, '2004-10-29 00:00:00', 'Shipped'),
(217, 10316, 'S72_1253', 34, 43.7, 240, '2004-11-01 00:00:00', 'Shipped'),
(218, 10317, 'S24_4278', 35, 69.55, 161, '2004-11-02 00:00:00', 'Shipped'),
(219, 10318, 'S700_2834', 50, 102.04, 157, '2004-11-02 00:00:00', 'Shipped'),
(220, 10319, 'S50_4713', 45, 79.73, 456, '2004-11-03 00:00:00', 'Shipped'),
(221, 10320, 'S24_3371', 26, 60.62, 144, '2004-11-03 00:00:00', 'Shipped'),
(222, 10321, 'S24_3856', 26, 137.62, 462, '2004-11-04 00:00:00', 'Shipped'),
(223, 10322, 'S24_2022', 30, 40.77, 363, '2004-11-04 00:00:00', 'Shipped'),
(224, 10323, 'S18_4600', 47, 96.86, 128, '2004-11-05 00:00:00', 'Shipped'),
(225, 10324, 'S700_2824', 34, 80.92, 181, '2004-11-05 00:00:00', 'Shipped'),
(226, 10325, 'S50_1514', 44, 56.24, 121, '2004-11-05 00:00:00', 'Shipped'),
(227, 10326, 'S700_1138', 39, 60.67, 144, '2004-11-09 00:00:00', 'Shipped'),
(228, 10327, 'S72_3212', 37, 48.05, 145, '2004-11-10 00:00:00', 'Resolved'),
(229, 10328, 'S700_4002', 39, 69.59, 278, '2004-11-12 00:00:00', 'Shipped'),
(230, 10329, 'S72_1253', 44, 41.22, 131, '2004-11-15 00:00:00', 'Shipped'),
(231, 10330, 'S24_2360', 42, 56.1, 385, '2004-11-16 00:00:00', 'Shipped'),
(232, 10331, 'S50_4713', 20, 74.04, 486, '2004-11-17 00:00:00', 'Shipped'),
(233, 10332, 'S24_3969', 41, 34.47, 187, '2004-11-17 00:00:00', 'Shipped'),
(234, 10333, 'S32_3522', 33, 62.05, 129, '2004-11-18 00:00:00', 'Shipped'),
(235, 10334, 'S24_2300', 42, 117.57, 144, '2004-11-19 00:00:00', 'On Hold'),
(236, 10335, 'S32_2509', 40, 49.78, 124, '2004-11-19 00:00:00', 'Shipped'),
(237, 10336, 'S700_2824', 46, 94.07, 172, '2004-11-20 00:00:00', 'Shipped'),
(238, 10337, 'S72_3212', 42, 49.14, 424, '2004-11-21 00:00:00', 'Shipped'),
(239, 10338, 'S18_3856', 45, 93.17, 381, '2004-11-22 00:00:00', 'Shipped'),
(240, 10339, 'S72_1253', 27, 49.66, 398, '2004-11-23 00:00:00', 'Shipped'),
(241, 10340, 'S700_2834', 29, 98.48, 216, '2004-11-24 00:00:00', 'Shipped'),
(242, 10341, 'S700_3167', 34, 70.4, 382, '2004-11-24 00:00:00', 'Shipped'),
(243, 10342, 'S24_3856', 42, 112.34, 114, '2004-11-24 00:00:00', 'Shipped'),
(244, 10343, 'S32_2206', 29, 37.41, 353, '2004-11-24 00:00:00', 'Shipped'),
(245, 10344, 'S24_1937', 20, 27.88, 350, '2004-11-25 00:00:00', 'Shipped'),
(246, 10345, 'S24_2022', 43, 38.98, 103, '2004-11-25 00:00:00', 'Shipped'),
(247, 10346, 'S24_3969', 22, 38.57, 112, '2004-11-29 00:00:00', 'Shipped'),
(248, 10347, 'S18_4600', 45, 115.03, 114, '2004-11-29 00:00:00', 'Shipped'),
(249, 10348, 'S700_2824', 32, 100.14, 458, '2004-11-01 00:00:00', 'Shipped'),
(250, 10349, 'S32_2509', 33, 44.37, 151, '2004-12-01 00:00:00', 'Shipped'),
(251, 10350, 'S72_3212', 20, 48.05, 141, '2004-12-02 00:00:00', 'Shipped'),
(252, 10351, 'S24_3949', 34, 68.24, 324, '2004-12-03 00:00:00', 'Shipped'),
(253, 10352, 'S72_1253', 49, 46.18, 198, '2004-12-03 00:00:00', 'Shipped'),
(254, 10353, 'S700_3167', 43, 74.4, 447, '2004-12-04 00:00:00', 'Shipped'),
(255, 10354, 'S24_2000', 28, 62.46, 323, '2004-12-04 00:00:00', 'Shipped'),
(256, 10355, 'S32_4485', 40, 93.89, 141, '2004-12-07 00:00:00', 'Shipped'),
(257, 10356, 'S50_4713', 26, 78.11, 250, '2004-12-09 00:00:00', 'Shipped'),
(258, 10357, 'S18_4600', 28, 105.34, 124, '2004-12-10 00:00:00', 'Shipped'),
(259, 10358, 'S700_2824', 27, 85.98, 141, '2004-12-10 00:00:00', 'Shipped'),
(260, 10359, 'S50_1514', 25, 47.45, 353, '2004-12-15 00:00:00', 'Shipped'),
(261, 10360, 'S72_3212', 31, 54.05, 496, '2004-12-16 00:00:00', 'Shipped'),
(262, 10361, 'S72_1253', 23, 47.67, 282, '2004-12-17 00:00:00', 'Shipped'),
(263, 10362, 'S24_1578', 50, 91.29, 161, '2005-01-05 00:00:00', 'Shipped'),
(264, 10363, 'S32_1374', 50, 92.9, 334, '2005-01-06 00:00:00', 'Shipped'),
(265, 10364, 'S32_2206', 48, 38.22, 350, '2005-01-06 00:00:00', 'Shipped'),
(266, 10365, 'S50_4713', 44, 68.34, 320, '2005-01-07 00:00:00', 'Shipped'),
(267, 10366, 'S18_3232', 34, 154.1, 381, '2005-01-10 00:00:00', 'Shipped'),
(268, 10367, 'S24_2972', 36, 36.25, 205, '2005-01-12 00:00:00', 'Resolved'),
(269, 10368, 'S24_3969', 46, 36.52, 124, '2005-01-19 00:00:00', 'Shipped'),
(270, 10369, 'S24_4258', 40, 93.49, 379, '2005-01-20 00:00:00', 'Shipped'),
(271, 10370, 'S32_3522', 25, 63.99, 276, '2005-01-20 00:00:00', 'Shipped'),
(272, 10371, 'S700_2824', 34, 83.95, 124, '2005-01-23 00:00:00', 'Shipped'),
(273, 10372, 'S700_1938', 44, 74.48, 398, '2005-01-26 00:00:00', 'Shipped'),
(274, 10373, 'S72_3212', 29, 48.05, 311, '2005-01-31 00:00:00', 'Shipped'),
(275, 10374, 'S24_1785', 46, 107.23, 333, '2005-02-02 00:00:00', 'Shipped'),
(276, 10375, 'S700_3167', 44, 69.6, 119, '2005-02-03 00:00:00', 'Shipped'),
(277, 10376, 'S12_3380', 35, 98.65, 219, '2005-02-08 00:00:00', 'Shipped'),
(278, 10377, 'S18_3232', 39, 143.94, 186, '2005-02-09 00:00:00', 'Shipped'),
(279, 10378, 'S32_2206', 40, 35.8, 141, '2005-02-10 00:00:00', 'Shipped'),
(280, 10379, 'S24_1628', 32, 48.8, 141, '2005-02-10 00:00:00', 'Shipped'),
(281, 10380, 'S24_3969', 43, 32.82, 141, '2005-02-16 00:00:00', 'Shipped'),
(282, 10381, 'S18_3136', 35, 93.2, 321, '2005-02-17 00:00:00', 'Shipped'),
(283, 10382, 'S700_2824', 34, 101.15, 124, '2005-02-17 00:00:00', 'Shipped'),
(284, 10383, 'S50_1514', 38, 48.62, 141, '2005-02-22 00:00:00', 'Shipped'),
(285, 10384, 'S700_1938', 49, 71.02, 321, '2005-02-23 00:00:00', 'Shipped'),
(286, 10385, 'S700_1138', 25, 62, 124, '2005-02-28 00:00:00', 'Shipped'),
(287, 10386, 'S72_3212', 43, 52.42, 141, '2005-03-01 00:00:00', 'Resolved'),
(288, 10387, 'S32_1374', 44, 79.91, 148, '2005-03-02 00:00:00', 'Shipped'),
(289, 10388, 'S700_2834', 50, 111.53, 462, '2005-03-03 00:00:00', 'Shipped'),
(290, 10389, 'S24_2000', 49, 61.7, 448, '2005-03-03 00:00:00', 'Shipped'),
(291, 10390, 'S50_4713', 22, 81.36, 124, '2005-03-04 00:00:00', 'Shipped'),
(292, 10391, 'S24_2022', 24, 36.29, 276, '2005-03-09 00:00:00', 'Shipped'),
(293, 10392, 'S18_3320', 36, 98.22, 452, '2005-03-10 00:00:00', 'Shipped'),
(294, 10393, 'S700_2824', 21, 83.95, 323, '2005-03-11 00:00:00', 'Shipped'),
(295, 10394, 'S32_3207', 30, 55.93, 141, '2005-03-15 00:00:00', 'Shipped'),
(296, 10395, 'S50_1514', 45, 57.99, 250, '2005-03-17 00:00:00', 'Shipped'),
(297, 10396, 'S700_1138', 39, 62, 124, '2005-03-23 00:00:00', 'Shipped'),
(298, 10397, 'S72_3212', 34, 52.96, 242, '2005-03-28 00:00:00', 'Shipped'),
(299, 10398, 'S72_1253', 34, 41.22, 353, '2005-03-30 00:00:00', 'Shipped'),
(300, 10399, 'S32_1374', 32, 97.89, 496, '2005-04-01 00:00:00', 'Shipped'),
(301, 10400, 'S72_1253', 20, 41.71, 450, '2005-04-01 00:00:00', 'Shipped'),
(302, 10401, 'S700_4002', 40, 66.63, 328, '2005-04-03 00:00:00', 'On Hold'),
(303, 10402, 'S24_2000', 59, 61.7, 406, '2005-04-07 00:00:00', 'Shipped'),
(304, 10403, 'S50_4713', 31, 65.09, 201, '2005-04-08 00:00:00', 'Shipped'),
(305, 10404, 'S24_4620', 48, 65.48, 323, '2005-04-08 00:00:00', 'Shipped'),
(306, 10405, 'S24_3856', 76, 127.79, 209, '2005-04-14 00:00:00', 'Shipped'),
(307, 10406, 'S18_3685', 65, 117.26, 145, '2005-04-15 00:00:00', 'Disputed'),
(308, 10407, 'S24_3432', 43, 101.73, 450, '2005-04-22 00:00:00', 'On Hold'),
(309, 10408, 'S24_3969', 15, 41.03, 398, '2005-04-22 00:00:00', 'Shipped'),
(310, 10409, 'S24_1937', 61, 27.88, 166, '2005-04-23 00:00:00', 'Shipped'),
(311, 10410, 'S24_4258', 50, 95.44, 357, '2005-04-29 00:00:00', 'Shipped'),
(312, 10411, 'S700_2824', 34, 89.01, 233, '2005-05-01 00:00:00', 'Shipped'),
(313, 10412, 'S50_1392', 26, 105.33, 141, '2005-05-03 00:00:00', 'Shipped'),
(314, 10413, 'S50_1514', 51, 53.31, 175, '2005-05-05 00:00:00', 'Shipped'),
(315, 10414, 'S72_3212', 47, 54.6, 362, '2005-05-06 00:00:00', 'On Hold'),
(316, 10415, 'S72_1253', 42, 43.2, 471, '2005-05-09 00:00:00', 'Disputed'),
(317, 10416, 'S700_4002', 43, 63.67, 386, '2005-05-10 00:00:00', 'Shipped'),
(318, 10417, 'S24_1578', 35, 109.32, 141, '2005-05-13 00:00:00', 'Disputed'),
(319, 10418, 'S50_4713', 40, 72.41, 412, '2005-05-16 00:00:00', 'Shipped'),
(320, 10419, 'S24_3856', 70, 112.34, 382, '2005-05-17 00:00:00', 'Shipped'),
(321, 10420, 'S24_3969', 15, 35.29, 282, '2005-05-29 00:00:00', 'In Process'),
(322, 10421, 'S24_2022', 40, 44.8, 124, '2005-05-29 00:00:00', 'In Process'),
(323, 10422, 'S18_1367', 25, 47.44, 157, '2005-05-30 00:00:00', 'In Process'),
(324, 10423, 'S24_4258', 28, 78.89, 314, '2005-05-30 00:00:00', 'In Process'),
(325, 10424, 'S700_2824', 46, 85.98, 141, '2005-05-31 00:00:00', 'In Process'),
(326, 10425, 'S50_1392', 18, 94.92, 119, '2005-05-31 00:00:00', 'In Process');

-- --------------------------------------------------------

--
-- Struktur dari tabel `dim_payment`
--

CREATE TABLE `dim_payment` (
  `customerNumber` int(11) DEFAULT NULL,
  `checkNumber` varchar(50) DEFAULT NULL,
  `paymentDate` datetime DEFAULT NULL,
  `contact_name` tinytext DEFAULT NULL,
  `phone` varchar(50) DEFAULT NULL,
  `address` tinytext DEFAULT NULL,
  `city` varchar(50) DEFAULT NULL,
  `state` varchar(50) DEFAULT NULL,
  `postalCode` varchar(15) DEFAULT NULL,
  `customerName` varchar(50) DEFAULT NULL,
  `country` varchar(50) DEFAULT NULL,
  `salesRepEmployeeNumber` int(11) DEFAULT NULL,
  `creditLimit` double DEFAULT NULL,
  `amount` double DEFAULT NULL,
  `id_payment` int(11) DEFAULT NULL
) ENGINE=InnoDB DEFAULT CHARSET=utf8mb4;

--
-- Dumping data untuk tabel `dim_payment`
--

INSERT INTO `dim_payment` (`customerNumber`, `checkNumber`, `paymentDate`, `contact_name`, `phone`, `address`, `city`, `state`, `postalCode`, `customerName`, `country`, `salesRepEmployeeNumber`, `creditLimit`, `amount`, `id_payment`) VALUES
(103, 'HQ336336', '2004-10-19 00:00:00', 'Carine  Schmitt', '40.32.2555', '54, rue Royale ', 'Nantes', NULL, '44000', 'Atelier graphique', 'France', 1370, 21000, 6066.78, 1),
(103, 'JM555205', '2003-06-05 00:00:00', 'Carine  Schmitt', '40.32.2555', '54, rue Royale ', 'Nantes', NULL, '44000', 'Atelier graphique', 'France', 1370, 21000, 14571.44, 2),
(103, 'OM314933', '2004-12-18 00:00:00', 'Carine  Schmitt', '40.32.2555', '54, rue Royale ', 'Nantes', NULL, '44000', 'Atelier graphique', 'France', 1370, 21000, 1676.14, 3),
(112, 'BO864823', '2004-12-17 00:00:00', 'Jean King', '7025551838', '8489 Strong St. ', 'Las Vegas', 'NV', '83030', 'Signal Gift Stores', 'USA', 1166, 71800, 14191.12, 4),
(112, 'HQ55022', '2003-06-06 00:00:00', 'Jean King', '7025551838', '8489 Strong St. ', 'Las Vegas', 'NV', '83030', 'Signal Gift Stores', 'USA', 1166, 71800, 32641.98, 5),
(112, 'ND748579', '2004-08-20 00:00:00', 'Jean King', '7025551838', '8489 Strong St. ', 'Las Vegas', 'NV', '83030', 'Signal Gift Stores', 'USA', 1166, 71800, 33347.88, 6),
(114, 'GG31455', '2003-05-20 00:00:00', 'Peter Ferguson', '03 9520 4555', '636 St Kilda Road Level 3', 'Melbourne', 'Victoria', '3004', 'Australian Collectors, Co.', 'Australia', 1611, 117300, 45864.03, 7),
(114, 'MA765515', '2004-12-15 00:00:00', 'Peter Ferguson', '03 9520 4555', '636 St Kilda Road Level 3', 'Melbourne', 'Victoria', '3004', 'Australian Collectors, Co.', 'Australia', 1611, 117300, 82261.22, 8),
(114, 'NP603840', '2003-05-31 00:00:00', 'Peter Ferguson', '03 9520 4555', '636 St Kilda Road Level 3', 'Melbourne', 'Victoria', '3004', 'Australian Collectors, Co.', 'Australia', 1611, 117300, 7565.08, 9),
(114, 'NR27552', '2004-03-10 00:00:00', 'Peter Ferguson', '03 9520 4555', '636 St Kilda Road Level 3', 'Melbourne', 'Victoria', '3004', 'Australian Collectors, Co.', 'Australia', 1611, 117300, 44894.74, 10),
(119, 'DB933704', '2004-11-14 00:00:00', 'Janine  Labrune', '40.67.8555', '67, rue des Cinquante Otages ', 'Nantes', NULL, '44000', 'La Rochelle Gifts', 'France', 1370, 118200, 19501.82, 11),
(119, 'LN373447', '2004-08-08 00:00:00', 'Janine  Labrune', '40.67.8555', '67, rue des Cinquante Otages ', 'Nantes', NULL, '44000', 'La Rochelle Gifts', 'France', 1370, 118200, 47924.19, 12),
(119, 'NG94694', '2005-02-22 00:00:00', 'Janine  Labrune', '40.67.8555', '67, rue des Cinquante Otages ', 'Nantes', NULL, '44000', 'La Rochelle Gifts', 'France', 1370, 118200, 49523.67, 13),
(121, 'DB889831', '2003-02-16 00:00:00', 'Jonas  Bergulfsen', '07-98 9555', 'Erling Skakkes gate 78 ', 'Stavern', NULL, '4110', 'Baane Mini Imports', 'Norway', 1504, 81700, 50218.95, 14),
(121, 'FD317790', '2003-10-28 00:00:00', 'Jonas  Bergulfsen', '07-98 9555', 'Erling Skakkes gate 78 ', 'Stavern', NULL, '4110', 'Baane Mini Imports', 'Norway', 1504, 81700, 1491.38, 15),
(121, 'KI831359', '2004-11-04 00:00:00', 'Jonas  Bergulfsen', '07-98 9555', 'Erling Skakkes gate 78 ', 'Stavern', NULL, '4110', 'Baane Mini Imports', 'Norway', 1504, 81700, 17876.32, 16),
(121, 'MA302151', '2004-11-28 00:00:00', 'Jonas  Bergulfsen', '07-98 9555', 'Erling Skakkes gate 78 ', 'Stavern', NULL, '4110', 'Baane Mini Imports', 'Norway', 1504, 81700, 34638.14, 17),
(124, 'AE215433', '2005-03-05 00:00:00', 'Susan Nelson', '4155551450', '5677 Strong St. ', 'San Rafael', 'CA', '97562', 'Mini Gifts Distributors Ltd.', 'USA', 1165, 210500, 101244.59, 18),
(124, 'BG255406', '2004-08-28 00:00:00', 'Susan Nelson', '4155551450', '5677 Strong St. ', 'San Rafael', 'CA', '97562', 'Mini Gifts Distributors Ltd.', 'USA', 1165, 210500, 85410.87, 19),
(124, 'CQ287967', '2003-04-11 00:00:00', 'Susan Nelson', '4155551450', '5677 Strong St. ', 'San Rafael', 'CA', '97562', 'Mini Gifts Distributors Ltd.', 'USA', 1165, 210500, 11044.3, 20),
(124, 'ET64396', '2005-04-16 00:00:00', 'Susan Nelson', '4155551450', '5677 Strong St. ', 'San Rafael', 'CA', '97562', 'Mini Gifts Distributors Ltd.', 'USA', 1165, 210500, 83598.04, 21),
(124, 'HI366474', '2004-12-27 00:00:00', 'Susan Nelson', '4155551450', '5677 Strong St. ', 'San Rafael', 'CA', '97562', 'Mini Gifts Distributors Ltd.', 'USA', 1165, 210500, 47142.7, 22),
(124, 'HR86578', '2004-11-02 00:00:00', 'Susan Nelson', '4155551450', '5677 Strong St. ', 'San Rafael', 'CA', '97562', 'Mini Gifts Distributors Ltd.', 'USA', 1165, 210500, 55639.66, 23),
(124, 'KI131716', '2003-08-15 00:00:00', 'Susan Nelson', '4155551450', '5677 Strong St. ', 'San Rafael', 'CA', '97562', 'Mini Gifts Distributors Ltd.', 'USA', 1165, 210500, 111654.4, 24),
(124, 'LF217299', '2004-03-26 00:00:00', 'Susan Nelson', '4155551450', '5677 Strong St. ', 'San Rafael', 'CA', '97562', 'Mini Gifts Distributors Ltd.', 'USA', 1165, 210500, 43369.3, 25),
(124, 'NT141748', '2003-11-25 00:00:00', 'Susan Nelson', '4155551450', '5677 Strong St. ', 'San Rafael', 'CA', '97562', 'Mini Gifts Distributors Ltd.', 'USA', 1165, 210500, 45084.38, 26),
(128, 'DI925118', '2003-01-28 00:00:00', 'Roland Keitel', '+49 69 66 90 2555', 'Lyonerstr. 34 ', 'Frankfurt', NULL, '60528', 'Blauer See Auto, Co.', 'Germany', 1504, 59700, 10549.01, 27),
(128, 'FA465482', '2003-10-18 00:00:00', 'Roland Keitel', '+49 69 66 90 2555', 'Lyonerstr. 34 ', 'Frankfurt', NULL, '60528', 'Blauer See Auto, Co.', 'Germany', 1504, 59700, 24101.81, 28),
(128, 'FH668230', '2004-03-24 00:00:00', 'Roland Keitel', '+49 69 66 90 2555', 'Lyonerstr. 34 ', 'Frankfurt', NULL, '60528', 'Blauer See Auto, Co.', 'Germany', 1504, 59700, 33820.62, 29),
(128, 'IP383901', '2004-11-18 00:00:00', 'Roland Keitel', '+49 69 66 90 2555', 'Lyonerstr. 34 ', 'Frankfurt', NULL, '60528', 'Blauer See Auto, Co.', 'Germany', 1504, 59700, 7466.32, 30),
(129, 'DM826140', '2004-12-08 00:00:00', 'Julie Murphy', '6505555787', '5557 North Pendale Street ', 'San Francisco', 'CA', '94217', 'Mini Wheels Co.', 'USA', 1165, 64600, 26248.78, 31),
(129, 'ID449593', '2003-12-11 00:00:00', 'Julie Murphy', '6505555787', '5557 North Pendale Street ', 'San Francisco', 'CA', '94217', 'Mini Wheels Co.', 'USA', 1165, 64600, 23923.93, 32),
(129, 'PI42991', '2003-04-09 00:00:00', 'Julie Murphy', '6505555787', '5557 North Pendale Street ', 'San Francisco', 'CA', '94217', 'Mini Wheels Co.', 'USA', 1165, 64600, 16537.85, 33),
(131, 'CL442705', '2003-03-12 00:00:00', 'Kwai Lee', '2125557818', '897 Long Airport Avenue ', 'NYC', 'NY', '10022', 'Land of Toys Inc.', 'USA', 1323, 114900, 22292.62, 34),
(131, 'MA724562', '2004-12-02 00:00:00', 'Kwai Lee', '2125557818', '897 Long Airport Avenue ', 'NYC', 'NY', '10022', 'Land of Toys Inc.', 'USA', 1323, 114900, 50025.35, 35),
(131, 'NB445135', '2004-09-11 00:00:00', 'Kwai Lee', '2125557818', '897 Long Airport Avenue ', 'NYC', 'NY', '10022', 'Land of Toys Inc.', 'USA', 1323, 114900, 35321.97, 36),
(141, 'AU364101', '2003-07-19 00:00:00', 'Diego  Freyre', '(91) 555 94 44', 'C/ Moralzarzal, 86 ', 'Madrid', NULL, '28034', 'Euro+ Shopping Channel', 'Spain', 1370, 227600, 36251.03, 37),
(141, 'DB583216', '2004-11-01 00:00:00', 'Diego  Freyre', '(91) 555 94 44', 'C/ Moralzarzal, 86 ', 'Madrid', NULL, '28034', 'Euro+ Shopping Channel', 'Spain', 1370, 227600, 36140.38, 38),
(141, 'DL460618', '2005-05-19 00:00:00', 'Diego  Freyre', '(91) 555 94 44', 'C/ Moralzarzal, 86 ', 'Madrid', NULL, '28034', 'Euro+ Shopping Channel', 'Spain', 1370, 227600, 46895.48, 39),
(141, 'HJ32686', '2004-01-30 00:00:00', 'Diego  Freyre', '(91) 555 94 44', 'C/ Moralzarzal, 86 ', 'Madrid', NULL, '28034', 'Euro+ Shopping Channel', 'Spain', 1370, 227600, 59830.55, 40),
(141, 'ID10962', '2004-12-31 00:00:00', 'Diego  Freyre', '(91) 555 94 44', 'C/ Moralzarzal, 86 ', 'Madrid', NULL, '28034', 'Euro+ Shopping Channel', 'Spain', 1370, 227600, 116208.4, 41),
(141, 'IN446258', '2005-03-25 00:00:00', 'Diego  Freyre', '(91) 555 94 44', 'C/ Moralzarzal, 86 ', 'Madrid', NULL, '28034', 'Euro+ Shopping Channel', 'Spain', 1370, 227600, 65071.26, 42),
(141, 'JE105477', '2005-03-18 00:00:00', 'Diego  Freyre', '(91) 555 94 44', 'C/ Moralzarzal, 86 ', 'Madrid', NULL, '28034', 'Euro+ Shopping Channel', 'Spain', 1370, 227600, 120166.58, 43),
(141, 'JN355280', '2003-10-26 00:00:00', 'Diego  Freyre', '(91) 555 94 44', 'C/ Moralzarzal, 86 ', 'Madrid', NULL, '28034', 'Euro+ Shopping Channel', 'Spain', 1370, 227600, 49539.37, 44),
(141, 'JN722010', '2003-02-25 00:00:00', 'Diego  Freyre', '(91) 555 94 44', 'C/ Moralzarzal, 86 ', 'Madrid', NULL, '28034', 'Euro+ Shopping Channel', 'Spain', 1370, 227600, 40206.2, 45),
(141, 'KT52578', '2003-12-09 00:00:00', 'Diego  Freyre', '(91) 555 94 44', 'C/ Moralzarzal, 86 ', 'Madrid', NULL, '28034', 'Euro+ Shopping Channel', 'Spain', 1370, 227600, 63843.55, 46),
(141, 'MC46946', '2004-07-09 00:00:00', 'Diego  Freyre', '(91) 555 94 44', 'C/ Moralzarzal, 86 ', 'Madrid', NULL, '28034', 'Euro+ Shopping Channel', 'Spain', 1370, 227600, 35420.74, 47),
(141, 'MF629602', '2004-08-16 00:00:00', 'Diego  Freyre', '(91) 555 94 44', 'C/ Moralzarzal, 86 ', 'Madrid', NULL, '28034', 'Euro+ Shopping Channel', 'Spain', 1370, 227600, 20009.53, 48),
(141, 'NU627706', '2004-05-17 00:00:00', 'Diego  Freyre', '(91) 555 94 44', 'C/ Moralzarzal, 86 ', 'Madrid', NULL, '28034', 'Euro+ Shopping Channel', 'Spain', 1370, 227600, 26155.91, 49),
(144, 'IR846303', '2004-12-12 00:00:00', 'Christina  Berglund', '0921-12 3555', 'Berguvsvägen  8 ', 'Luleå', NULL, 'S-958 22', 'Volvo Model Replicas, Co', 'Sweden', 1504, 53100, 36005.71, 50),
(144, 'LA685678', '2003-04-09 00:00:00', 'Christina  Berglund', '0921-12 3555', 'Berguvsvägen  8 ', 'Luleå', NULL, 'S-958 22', 'Volvo Model Replicas, Co', 'Sweden', 1504, 53100, 7674.94, 51),
(145, 'CN328545', '2004-07-03 00:00:00', 'Jytte  Petersen', '31 12 3555', 'Vinbæltet 34 ', 'Kobenhavn', NULL, '1734', 'Danish Wholesale Imports', 'Denmark', 1401, 83400, 4710.73, 52),
(145, 'ED39322', '2004-04-26 00:00:00', 'Jytte  Petersen', '31 12 3555', 'Vinbæltet 34 ', 'Kobenhavn', NULL, '1734', 'Danish Wholesale Imports', 'Denmark', 1401, 83400, 28211.7, 53),
(145, 'HR182688', '2004-12-01 00:00:00', 'Jytte  Petersen', '31 12 3555', 'Vinbæltet 34 ', 'Kobenhavn', NULL, '1734', 'Danish Wholesale Imports', 'Denmark', 1401, 83400, 20564.86, 54),
(145, 'JJ246391', '2003-02-20 00:00:00', 'Jytte  Petersen', '31 12 3555', 'Vinbæltet 34 ', 'Kobenhavn', NULL, '1734', 'Danish Wholesale Imports', 'Denmark', 1401, 83400, 53959.21, 55),
(146, 'FP549817', '2004-03-18 00:00:00', 'Mary  Saveley', '78.32.5555', '2, rue du Commerce ', 'Lyon', NULL, '69004', 'Saveley & Henriot, Co.', 'France', 1337, 123900, 40978.53, 56),
(146, 'FU793410', '2004-01-16 00:00:00', 'Mary  Saveley', '78.32.5555', '2, rue du Commerce ', 'Lyon', NULL, '69004', 'Saveley & Henriot, Co.', 'France', 1337, 123900, 49614.72, 57),
(146, 'LJ160635', '2003-12-10 00:00:00', 'Mary  Saveley', '78.32.5555', '2, rue du Commerce ', 'Lyon', NULL, '69004', 'Saveley & Henriot, Co.', 'France', 1337, 123900, 39712.1, 58),
(148, 'BI507030', '2003-04-22 00:00:00', 'Eric Natividad', '+65 221 7555', 'Bronz Sok. Bronz Apt. 3/6 Tesvikiye', 'Singapore', NULL, '079903', 'Dragon Souveniers, Ltd.', 'Singapore', 1621, 103800, 44380.15, 59),
(148, 'DD635282', '2004-08-11 00:00:00', 'Eric Natividad', '+65 221 7555', 'Bronz Sok. Bronz Apt. 3/6 Tesvikiye', 'Singapore', NULL, '079903', 'Dragon Souveniers, Ltd.', 'Singapore', 1621, 103800, 2611.84, 60),
(148, 'KM172879', '2003-12-26 00:00:00', 'Eric Natividad', '+65 221 7555', 'Bronz Sok. Bronz Apt. 3/6 Tesvikiye', 'Singapore', NULL, '079903', 'Dragon Souveniers, Ltd.', 'Singapore', 1621, 103800, 105743, 61),
(148, 'ME497970', '2005-03-27 00:00:00', 'Eric Natividad', '+65 221 7555', 'Bronz Sok. Bronz Apt. 3/6 Tesvikiye', 'Singapore', NULL, '079903', 'Dragon Souveniers, Ltd.', 'Singapore', 1621, 103800, 3516.04, 62),
(151, 'BF686658', '2003-12-22 00:00:00', 'Jeff Young', '2125557413', '4092 Furth Circle Suite 400', 'NYC', 'NY', '10022', 'Muscle Machine Inc', 'USA', 1286, 138500, 58793.53, 63),
(151, 'GB852215', '2004-07-26 00:00:00', 'Jeff Young', '2125557413', '4092 Furth Circle Suite 400', 'NYC', 'NY', '10022', 'Muscle Machine Inc', 'USA', 1286, 138500, 20314.44, 64),
(151, 'IP568906', '2003-06-18 00:00:00', 'Jeff Young', '2125557413', '4092 Furth Circle Suite 400', 'NYC', 'NY', '10022', 'Muscle Machine Inc', 'USA', 1286, 138500, 58841.35, 65),
(151, 'KI884577', '2004-12-14 00:00:00', 'Jeff Young', '2125557413', '4092 Furth Circle Suite 400', 'NYC', 'NY', '10022', 'Muscle Machine Inc', 'USA', 1286, 138500, 39964.63, 66),
(157, 'HI618861', '2004-11-19 00:00:00', 'Kelvin Leong', '2155551555', '7586 Pompton St. ', 'Allentown', 'PA', '70267', 'Diecast Classics Inc.', 'USA', 1216, 100600, 35152.12, 67),
(157, 'NN711988', '2004-09-07 00:00:00', 'Kelvin Leong', '2155551555', '7586 Pompton St. ', 'Allentown', 'PA', '70267', 'Diecast Classics Inc.', 'USA', 1216, 100600, 63357.13, 68),
(161, 'BR352384', '2004-11-14 00:00:00', 'Juri Hashimoto', '6505556809', '9408 Furth Circle ', 'Burlingame', 'CA', '94217', 'Technics Stores Inc.', 'USA', 1165, 84600, 2434.25, 69),
(161, 'BR478494', '2003-11-18 00:00:00', 'Juri Hashimoto', '6505556809', '9408 Furth Circle ', 'Burlingame', 'CA', '94217', 'Technics Stores Inc.', 'USA', 1165, 84600, 50743.65, 70),
(161, 'KG644125', '2005-02-02 00:00:00', 'Juri Hashimoto', '6505556809', '9408 Furth Circle ', 'Burlingame', 'CA', '94217', 'Technics Stores Inc.', 'USA', 1165, 84600, 12692.19, 71),
(161, 'NI908214', '2003-08-05 00:00:00', 'Juri Hashimoto', '6505556809', '9408 Furth Circle ', 'Burlingame', 'CA', '94217', 'Technics Stores Inc.', 'USA', 1165, 84600, 38675.13, 72),
(166, 'BQ327613', '2004-09-16 00:00:00', 'Wendy Victorino', '+65 224 1555', '106 Linden Road Sandown 2nd Floor', 'Singapore', NULL, '069045', 'Handji Gifts& Co', 'Singapore', 1612, 97900, 38785.48, 73),
(166, 'DC979307', '2004-07-07 00:00:00', 'Wendy Victorino', '+65 224 1555', '106 Linden Road Sandown 2nd Floor', 'Singapore', NULL, '069045', 'Handji Gifts& Co', 'Singapore', 1612, 97900, 44160.92, 74),
(166, 'LA318629', '2004-02-28 00:00:00', 'Wendy Victorino', '+65 224 1555', '106 Linden Road Sandown 2nd Floor', 'Singapore', NULL, '069045', 'Handji Gifts& Co', 'Singapore', 1612, 97900, 22474.17, 75),
(167, 'ED743615', '2004-09-19 00:00:00', 'Veysel Oeztan', '+47 2267 3215', 'Brehmen St. 121 PR 334 Sentrum', 'Bergen', NULL, 'N 5804', 'Herkku Gifts', 'Norway  ', 1504, 96800, 12538.01, 76),
(167, 'GN228846', '2003-12-03 00:00:00', 'Veysel Oeztan', '+47 2267 3215', 'Brehmen St. 121 PR 334 Sentrum', 'Bergen', NULL, 'N 5804', 'Herkku Gifts', 'Norway  ', 1504, 96800, 85024.46, 77),
(171, 'GB878038', '2004-03-15 00:00:00', 'Martine  Rancé', '20.16.1555', '184, chaussée de Tournai ', 'Lille', NULL, '59000', 'Daedalus Designs Imports', 'France', 1370, 82900, 18997.89, 78),
(171, 'IL104425', '2003-11-22 00:00:00', 'Martine  Rancé', '20.16.1555', '184, chaussée de Tournai ', 'Lille', NULL, '59000', 'Daedalus Designs Imports', 'France', 1370, 82900, 42783.81, 79),
(172, 'AD832091', '2004-09-09 00:00:00', 'Marie Bertrand', '(1) 42.34.2555', '265, boulevard Charonne ', 'Paris', NULL, '75012', 'La Corne D\'abondance, Co.', 'France', 1337, 84300, 1960.8, 80),
(172, 'CE51751', '2004-12-04 00:00:00', 'Marie Bertrand', '(1) 42.34.2555', '265, boulevard Charonne ', 'Paris', NULL, '75012', 'La Corne D\'abondance, Co.', 'France', 1337, 84300, 51209.58, 81),
(172, 'EH208589', '2003-04-20 00:00:00', 'Marie Bertrand', '(1) 42.34.2555', '265, boulevard Charonne ', 'Paris', NULL, '75012', 'La Corne D\'abondance, Co.', 'France', 1337, 84300, 33383.14, 82),
(173, 'GP545698', '2004-05-13 00:00:00', 'Jerry Tseng', '6175555555', '4658 Baden Av. ', 'Cambridge', 'MA', '51247', 'Cambridge Collectables Co.', 'USA', 1188, 43400, 11843.45, 83),
(173, 'IG462397', '2004-03-29 00:00:00', 'Jerry Tseng', '6175555555', '4658 Baden Av. ', 'Cambridge', 'MA', '51247', 'Cambridge Collectables Co.', 'USA', 1188, 43400, 20355.24, 84),
(175, 'CITI3434344', '2005-05-19 00:00:00', 'Julie King', '2035552570', '25593 South Bay Ln. ', 'Bridgewater', 'CT', '97562', 'Gift Depot Inc.', 'USA', 1323, 84300, 28500.78, 85),
(175, 'IO448913', '2003-11-19 00:00:00', 'Julie King', '2035552570', '25593 South Bay Ln. ', 'Bridgewater', 'CT', '97562', 'Gift Depot Inc.', 'USA', 1323, 84300, 24879.08, 86),
(175, 'PI15215', '2004-07-10 00:00:00', 'Julie King', '2035552570', '25593 South Bay Ln. ', 'Bridgewater', 'CT', '97562', 'Gift Depot Inc.', 'USA', 1323, 84300, 42044.77, 87),
(177, 'AU750837', '2004-04-17 00:00:00', 'Mory Kentary', '+81 06 6342 5555', '1-6-20 Dojima ', 'Kita-ku', 'Osaka', ' 530-0003', 'Osaka Souveniers Co.', 'Japan', 1621, 81200, 15183.63, 88),
(177, 'CI381435', '2004-01-19 00:00:00', 'Mory Kentary', '+81 06 6342 5555', '1-6-20 Dojima ', 'Kita-ku', 'Osaka', ' 530-0003', 'Osaka Souveniers Co.', 'Japan', 1621, 81200, 47177.59, 89),
(181, 'CM564612', '2004-04-25 00:00:00', 'Michael Frick', '2125551500', '2678 Kingston Rd. Suite 101', 'NYC', 'NY', '10022', 'Vitachrome Inc.', 'USA', 1286, 76400, 22602.36, 90),
(181, 'GQ132144', '2003-01-30 00:00:00', 'Michael Frick', '2125551500', '2678 Kingston Rd. Suite 101', 'NYC', 'NY', '10022', 'Vitachrome Inc.', 'USA', 1286, 76400, 5494.78, 91),
(181, 'OH367219', '2004-11-16 00:00:00', 'Michael Frick', '2125551500', '2678 Kingston Rd. Suite 101', 'NYC', 'NY', '10022', 'Vitachrome Inc.', 'USA', 1286, 76400, 44400.5, 92),
(186, 'AE192287', '2005-03-10 00:00:00', 'Matti Karttunen', '90-224 8555', 'Keskuskatu 45 ', 'Helsinki', NULL, '21240', 'Toys of Finland, Co.', 'Finland', 1501, 96500, 23602.9, 93),
(186, 'AK412714', '2003-10-27 00:00:00', 'Matti Karttunen', '90-224 8555', 'Keskuskatu 45 ', 'Helsinki', NULL, '21240', 'Toys of Finland, Co.', 'Finland', 1501, 96500, 37602.48, 94),
(186, 'KA602407', '2004-10-21 00:00:00', 'Matti Karttunen', '90-224 8555', 'Keskuskatu 45 ', 'Helsinki', NULL, '21240', 'Toys of Finland, Co.', 'Finland', 1501, 96500, 34341.08, 95),
(187, 'AM968797', '2004-11-03 00:00:00', 'Rachel Ashworth', '(171) 555-1555', 'Fauntleroy Circus ', 'Manchester', NULL, 'EC2 5NT', 'AV Stores, Co.', 'UK', 1501, 136800, 52825.29, 96),
(187, 'BQ39062', '2004-12-08 00:00:00', 'Rachel Ashworth', '(171) 555-1555', 'Fauntleroy Circus ', 'Manchester', NULL, 'EC2 5NT', 'AV Stores, Co.', 'UK', 1501, 136800, 47159.11, 97),
(187, 'KL124726', '2003-03-27 00:00:00', 'Rachel Ashworth', '(171) 555-1555', 'Fauntleroy Circus ', 'Manchester', NULL, 'EC2 5NT', 'AV Stores, Co.', 'UK', 1501, 136800, 48425.69, 98),
(189, 'BO711618', '2004-10-03 00:00:00', 'Dean Cassidy', '+353 1862 1555', '25 Maiden Lane Floor No. 4', 'Dublin', NULL, '2', 'Clover Collections, Co.', 'Ireland', 1504, 69400, 17359.53, 99),
(189, 'NM916675', '2004-03-01 00:00:00', 'Dean Cassidy', '+353 1862 1555', '25 Maiden Lane Floor No. 4', 'Dublin', NULL, '2', 'Clover Collections, Co.', 'Ireland', 1504, 69400, 32538.74, 100),
(198, 'FI192930', '2004-12-06 00:00:00', 'Leslie Taylor', '6175558428', '16780 Pompton St. ', 'Brickhaven', 'MA', '58339', 'Auto-Moto Classics Inc.', 'USA', 1216, 23000, 9658.74, 101),
(198, 'HQ920205', '2003-07-06 00:00:00', 'Leslie Taylor', '6175558428', '16780 Pompton St. ', 'Brickhaven', 'MA', '58339', 'Auto-Moto Classics Inc.', 'USA', 1216, 23000, 6036.96, 102),
(198, 'IS946883', '2004-09-21 00:00:00', 'Leslie Taylor', '6175558428', '16780 Pompton St. ', 'Brickhaven', 'MA', '58339', 'Auto-Moto Classics Inc.', 'USA', 1216, 23000, 5858.56, 103),
(201, 'DP677013', '2003-10-20 00:00:00', 'Elizabeth Devon', '(171) 555-2282', '12, Berkeley Gardens Blvd ', 'Liverpool', NULL, 'WX1 6LT', 'UK Collectables, Ltd.', 'UK', 1501, 92700, 23908.24, 104),
(201, 'OO846801', '2004-06-15 00:00:00', 'Elizabeth Devon', '(171) 555-2282', '12, Berkeley Gardens Blvd ', 'Liverpool', NULL, 'WX1 6LT', 'UK Collectables, Ltd.', 'UK', 1501, 92700, 37258.94, 105),
(202, 'HI358554', '2003-12-18 00:00:00', 'Yoshi  Tamuri', '(604) 555-3392', '1900 Oak St. ', 'Vancouver', 'BC', 'V3F 2K1', 'Canadian Gift Exchange Network', 'Canada', 1323, 90300, 36527.61, 106),
(202, 'IQ627690', '2004-11-08 00:00:00', 'Yoshi  Tamuri', '(604) 555-3392', '1900 Oak St. ', 'Vancouver', 'BC', 'V3F 2K1', 'Canadian Gift Exchange Network', 'Canada', 1323, 90300, 33594.58, 107),
(204, 'GC697638', '2004-08-13 00:00:00', 'Miguel Barajas', '6175557555', '7635 Spinnaker Dr. ', 'Brickhaven', 'MA', '58339', 'Online Mini Collectables', 'USA', 1188, 68700, 51152.86, 108),
(204, 'IS150005', '2004-09-24 00:00:00', 'Miguel Barajas', '6175557555', '7635 Spinnaker Dr. ', 'Brickhaven', 'MA', '58339', 'Online Mini Collectables', 'USA', 1188, 68700, 4424.4, 109),
(205, 'GL756480', '2003-12-04 00:00:00', 'Julie Young', '6265557265', '78934 Hillside Dr. ', 'Pasadena', 'CA', '90003', 'Toys4GrownUps.com', 'USA', 1166, 90700, 3879.96, 110),
(205, 'LL562733', '2003-09-05 00:00:00', 'Julie Young', '6265557265', '78934 Hillside Dr. ', 'Pasadena', 'CA', '90003', 'Toys4GrownUps.com', 'USA', 1166, 90700, 50342.74, 111),
(205, 'NM739638', '2005-02-06 00:00:00', 'Julie Young', '6265557265', '78934 Hillside Dr. ', 'Pasadena', 'CA', '90003', 'Toys4GrownUps.com', 'USA', 1166, 90700, 39580.6, 112),
(209, 'BOAF82044', '2005-05-03 00:00:00', 'Frédérique  Citeaux', '88.60.1555', '24, place Kléber ', 'Strasbourg', NULL, '67000', 'Mini Caravy', 'France', 1370, 53800, 35157.75, 113),
(209, 'ED520529', '2004-06-21 00:00:00', 'Frédérique  Citeaux', '88.60.1555', '24, place Kléber ', 'Strasbourg', NULL, '67000', 'Mini Caravy', 'France', 1370, 53800, 4632.31, 114),
(209, 'PH785937', '2004-05-04 00:00:00', 'Frédérique  Citeaux', '88.60.1555', '24, place Kléber ', 'Strasbourg', NULL, '67000', 'Mini Caravy', 'France', 1370, 53800, 36069.26, 115),
(211, 'BJ535230', '2003-12-09 00:00:00', 'Mike Gao', '+852 2251 1555', 'Bank of China Tower 1 Garden Road', 'Central Hong Kong', NULL, NULL, 'King Kong Collectables, Co.', 'Hong Kong', 1621, 58600, 45480.79, 116),
(216, 'BG407567', '2003-05-09 00:00:00', 'Eduardo  Saavedra', '(93) 203 4555', 'Rambla de Cataluña, 23 ', 'Barcelona', NULL, '08022', 'Enaco Distributors', 'Spain', 1702, 60300, 3101.4, 117),
(216, 'ML780814', '2004-12-06 00:00:00', 'Eduardo  Saavedra', '(93) 203 4555', 'Rambla de Cataluña, 23 ', 'Barcelona', NULL, '08022', 'Enaco Distributors', 'Spain', 1702, 60300, 24945.21, 118),
(216, 'MM342086', '2003-12-14 00:00:00', 'Eduardo  Saavedra', '(93) 203 4555', 'Rambla de Cataluña, 23 ', 'Barcelona', NULL, '08022', 'Enaco Distributors', 'Spain', 1702, 60300, 40473.86, 119),
(219, 'BN17870', '2005-03-02 00:00:00', 'Mary Young', '3105552373', '4097 Douglas Av. ', 'Glendale', 'CA', '92561', 'Boards & Toys Co.', 'USA', 1166, 11000, 3452.75, 120),
(219, 'BR941480', '2003-10-18 00:00:00', 'Mary Young', '3105552373', '4097 Douglas Av. ', 'Glendale', 'CA', '92561', 'Boards & Toys Co.', 'USA', 1166, 11000, 4465.85, 121),
(227, 'MQ413968', '2003-10-31 00:00:00', 'Palle Ibsen', '86 21 3555', 'Smagsloget 45 ', 'Århus', NULL, '8200', 'Heintze Collectables', 'Denmark', 1401, 120800, 36164.46, 122),
(227, 'NU21326', '2004-11-02 00:00:00', 'Palle Ibsen', '86 21 3555', 'Smagsloget 45 ', 'Århus', NULL, '8200', 'Heintze Collectables', 'Denmark', 1401, 120800, 53745.34, 123),
(233, 'BOFA23232', '2005-05-20 00:00:00', 'Jean  Fresnière', '(514) 555-8054', '43 rue St. Laurent ', 'Montréal', 'Québec', 'H1J 1C3', 'Québec Home Shopping Network', 'Canada', 1286, 48700, 29070.38, 124),
(233, 'II180006', '2004-07-01 00:00:00', 'Jean  Fresnière', '(514) 555-8054', '43 rue St. Laurent ', 'Montréal', 'Québec', 'H1J 1C3', 'Québec Home Shopping Network', 'Canada', 1286, 48700, 22997.45, 125),
(233, 'JG981190', '2003-11-18 00:00:00', 'Jean  Fresnière', '(514) 555-8054', '43 rue St. Laurent ', 'Montréal', 'Québec', 'H1J 1C3', 'Québec Home Shopping Network', 'Canada', 1286, 48700, 16909.84, 126),
(239, 'NQ865547', '2004-03-15 00:00:00', 'Valarie Thompson', '7605558146', '361 Furth Circle ', 'San Diego', 'CA', '91217', 'Collectable Mini Designs Co.', 'USA', 1166, 105000, 80375.24, 127),
(240, 'IF245157', '2004-11-16 00:00:00', 'Helen  Bennett', '(198) 555-8888', 'Garden House Crowther Way 23', 'Cowes', 'Isle of Wight', 'PO31 7PJ', 'giftsbymail.co.uk', 'UK', 1501, 93900, 46788.14, 128),
(240, 'JO719695', '2004-03-28 00:00:00', 'Helen  Bennett', '(198) 555-8888', 'Garden House Crowther Way 23', 'Cowes', 'Isle of Wight', 'PO31 7PJ', 'giftsbymail.co.uk', 'UK', 1501, 93900, 24995.61, 129),
(242, 'AF40894', '2003-11-22 00:00:00', 'Annette  Roulet', '61.77.6555', '1 rue Alsace-Lorraine ', 'Toulouse', NULL, '31000', 'Alpha Cognac', 'France', 1370, 61100, 33818.34, 130),
(242, 'HR224331', '2005-06-03 00:00:00', 'Annette  Roulet', '61.77.6555', '1 rue Alsace-Lorraine ', 'Toulouse', NULL, '31000', 'Alpha Cognac', 'France', 1370, 61100, 12432.32, 131),
(242, 'KI744716', '2003-07-21 00:00:00', 'Annette  Roulet', '61.77.6555', '1 rue Alsace-Lorraine ', 'Toulouse', NULL, '31000', 'Alpha Cognac', 'France', 1370, 61100, 14232.7, 132),
(249, 'IJ399820', '2004-09-19 00:00:00', 'Paolo  Accorti', '011-4988555', 'Via Monte Bianco 34 ', 'Torino', NULL, '10100', 'Amica Models & Co.', 'Italy', 1401, 113000, 33924.24, 133),
(249, 'NE404084', '2004-09-04 00:00:00', 'Paolo  Accorti', '011-4988555', 'Via Monte Bianco 34 ', 'Torino', NULL, '10100', 'Amica Models & Co.', 'Italy', 1401, 113000, 48298.99, 134),
(250, 'EQ12267', '2005-05-17 00:00:00', 'Daniel Da Silva', '+33 1 46 62 7555', '27 rue du Colonel Pierre Avia ', 'Paris', NULL, '75508', 'Lyon Souveniers', 'France', 1337, 68100, 17928.09, 135),
(250, 'HD284647', '2004-12-30 00:00:00', 'Daniel Da Silva', '+33 1 46 62 7555', '27 rue du Colonel Pierre Avia ', 'Paris', NULL, '75508', 'Lyon Souveniers', 'France', 1337, 68100, 26311.63, 136),
(250, 'HN114306', '2003-07-18 00:00:00', 'Daniel Da Silva', '+33 1 46 62 7555', '27 rue du Colonel Pierre Avia ', 'Paris', NULL, '75508', 'Lyon Souveniers', 'France', 1337, 68100, 23419.47, 137),
(256, 'EP227123', '2004-02-10 00:00:00', 'Daniel  Tonini', '30.59.8555', '67, avenue de l\'Europe ', 'Versailles', NULL, '78000', 'Auto Associés & Cie.', 'France', 1370, 77900, 5759.42, 138),
(256, 'HE84936', '2004-10-22 00:00:00', 'Daniel  Tonini', '30.59.8555', '67, avenue de l\'Europe ', 'Versailles', NULL, '78000', 'Auto Associés & Cie.', 'France', 1370, 77900, 53116.99, 139),
(259, 'EU280955', '2004-11-06 00:00:00', 'Henriette  Pfalzheim', '0221-5554327', 'Mehrheimerstr. 369 ', 'Köln', NULL, '50739', 'Toms Spezialitäten, Ltd', 'Germany', 1504, 120400, 61234.67, 140),
(259, 'GB361972', '2003-12-07 00:00:00', 'Henriette  Pfalzheim', '0221-5554327', 'Mehrheimerstr. 369 ', 'Köln', NULL, '50739', 'Toms Spezialitäten, Ltd', 'Germany', 1504, 120400, 27988.47, 141),
(260, 'IO164641', '2004-08-30 00:00:00', 'Elizabeth  Lincoln', '(604) 555-4555', '23 Tsawassen Blvd. ', 'Tsawassen', 'BC', 'T2F 8M4', 'Royal Canadian Collectables, Ltd.', 'Canada', 1323, 89600, 37527.58, 142),
(260, 'NH776924', '2004-04-24 00:00:00', 'Elizabeth  Lincoln', '(604) 555-4555', '23 Tsawassen Blvd. ', 'Tsawassen', 'BC', 'T2F 8M4', 'Royal Canadian Collectables, Ltd.', 'Canada', 1323, 89600, 29284.42, 143),
(276, 'EM979878', '2005-02-09 00:00:00', 'Anna O\'Hara', '02 9936 8555', '201 Miller Street Level 15', 'North Sydney', 'NSW', '2060', 'Anna\'s Decorations, Ltd', 'Australia', 1611, 107800, 27083.78, 144),
(276, 'KM841847', '2003-11-13 00:00:00', 'Anna O\'Hara', '02 9936 8555', '201 Miller Street Level 15', 'North Sydney', 'NSW', '2060', 'Anna\'s Decorations, Ltd', 'Australia', 1611, 107800, 38547.19, 145),
(276, 'LE432182', '2003-09-28 00:00:00', 'Anna O\'Hara', '02 9936 8555', '201 Miller Street Level 15', 'North Sydney', 'NSW', '2060', 'Anna\'s Decorations, Ltd', 'Australia', 1611, 107800, 41554.73, 146),
(276, 'OJ819725', '2005-04-30 00:00:00', 'Anna O\'Hara', '02 9936 8555', '201 Miller Street Level 15', 'North Sydney', 'NSW', '2060', 'Anna\'s Decorations, Ltd', 'Australia', 1611, 107800, 29848.52, 147),
(278, 'BJ483870', '2004-12-05 00:00:00', 'Giovanni  Rovelli', '035-640555', 'Via Ludovico il Moro 22 ', 'Bergamo', NULL, '24100', 'Rovelli Gifts', 'Italy', 1401, 119600, 37654.09, 148),
(278, 'GP636783', '2003-03-02 00:00:00', 'Giovanni  Rovelli', '035-640555', 'Via Ludovico il Moro 22 ', 'Bergamo', NULL, '24100', 'Rovelli Gifts', 'Italy', 1401, 119600, 52151.81, 149),
(278, 'NI983021', '2003-11-24 00:00:00', 'Giovanni  Rovelli', '035-640555', 'Via Ludovico il Moro 22 ', 'Bergamo', NULL, '24100', 'Rovelli Gifts', 'Italy', 1401, 119600, 37723.79, 150),
(282, 'IA793562', '2003-08-03 00:00:00', 'Adrian Huxley', '+61 2 9495 8555', 'Monitor Money Building 815 Pacific Hwy', 'Chatswood', 'NSW', '2067', 'Souveniers And Things Co.', 'Australia', 1611, 93300, 24013.52, 151),
(282, 'JT819493', '2004-08-02 00:00:00', 'Adrian Huxley', '+61 2 9495 8555', 'Monitor Money Building 815 Pacific Hwy', 'Chatswood', 'NSW', '2067', 'Souveniers And Things Co.', 'Australia', 1611, 93300, 35806.73, 152),
(282, 'OD327378', '2005-01-03 00:00:00', 'Adrian Huxley', '+61 2 9495 8555', 'Monitor Money Building 815 Pacific Hwy', 'Chatswood', 'NSW', '2067', 'Souveniers And Things Co.', 'Australia', 1611, 93300, 31835.36, 153),
(286, 'DR578578', '2004-10-28 00:00:00', 'Marta Hernandez', '6175558555', '39323 Spinnaker Dr. ', 'Cambridge', 'MA', '51247', 'Marta\'s Replicas Co.', 'USA', 1216, 123700, 47411.33, 154),
(286, 'KH910279', '2004-09-05 00:00:00', 'Marta Hernandez', '6175558555', '39323 Spinnaker Dr. ', 'Cambridge', 'MA', '51247', 'Marta\'s Replicas Co.', 'USA', 1216, 123700, 43134.04, 155),
(298, 'AJ574927', '2004-03-13 00:00:00', 'Mihael Holz', '0897-034555', 'Grenzacherweg 237 ', 'Genève', NULL, '1203', 'Vida Sport, Ltd', 'Switzerland', 1702, 141300, 47375.92, 156),
(298, 'LF501133', '2004-09-18 00:00:00', 'Mihael Holz', '0897-034555', 'Grenzacherweg 237 ', 'Genève', NULL, '1203', 'Vida Sport, Ltd', 'Switzerland', 1702, 141300, 61402, 157),
(299, 'AD304085', '2003-10-24 00:00:00', 'Jan Klaeboe', '+47 2212 1555', 'Drammensveien 126A PB 211 Sentrum', 'Oslo', NULL, 'N 0106', 'Norway Gifts By Mail, Co.', 'Norway  ', 1504, 95100, 36798.88, 158),
(299, 'NR157385', '2004-09-05 00:00:00', 'Jan Klaeboe', '+47 2212 1555', 'Drammensveien 126A PB 211 Sentrum', 'Oslo', NULL, 'N 0106', 'Norway Gifts By Mail, Co.', 'Norway  ', 1504, 95100, 32260.16, 159),
(311, 'DG336041', '2005-02-15 00:00:00', 'Pirkko Koskitalo', '981-443655', 'Torikatu 38 ', 'Oulu', NULL, '90110', 'Oulu Toy Supplies, Inc.', 'Finland', 1501, 90500, 46770.52, 160),
(311, 'FA728475', '2003-10-06 00:00:00', 'Pirkko Koskitalo', '981-443655', 'Torikatu 38 ', 'Oulu', NULL, '90110', 'Oulu Toy Supplies, Inc.', 'Finland', 1501, 90500, 32723.04, 161),
(311, 'NQ966143', '2004-04-25 00:00:00', 'Pirkko Koskitalo', '981-443655', 'Torikatu 38 ', 'Oulu', NULL, '90110', 'Oulu Toy Supplies, Inc.', 'Finland', 1501, 90500, 16212.59, 162),
(314, 'LQ244073', '2004-08-09 00:00:00', 'Catherine  Dewey', '(02) 5554 67', 'Rue Joseph-Bens 532 ', 'Bruxelles', NULL, 'B-1180', 'Petit Auto', 'Belgium', 1401, 79900, 45352.47, 163),
(314, 'MD809704', '2004-03-03 00:00:00', 'Catherine  Dewey', '(02) 5554 67', 'Rue Joseph-Bens 532 ', 'Bruxelles', NULL, 'B-1180', 'Petit Auto', 'Belgium', 1401, 79900, 16901.38, 164),
(319, 'HL685576', '2004-11-06 00:00:00', 'Steve Frick', '9145554562', '3758 North Pendale Street ', 'White Plains', 'NY', '24067', 'Mini Classics', 'USA', 1323, 102700, 42339.76, 165),
(319, 'OM548174', '2003-12-07 00:00:00', 'Steve Frick', '9145554562', '3758 North Pendale Street ', 'White Plains', 'NY', '24067', 'Mini Classics', 'USA', 1323, 102700, 36092.4, 166),
(320, 'GJ597719', '2005-01-18 00:00:00', 'Wing Huang', '5085559555', '4575 Hillside Dr. ', 'New Bedford', 'MA', '50553', 'Mini Creations Ltd.', 'USA', 1188, 94500, 8307.28, 167),
(320, 'HO576374', '2003-08-20 00:00:00', 'Wing Huang', '5085559555', '4575 Hillside Dr. ', 'New Bedford', 'MA', '50553', 'Mini Creations Ltd.', 'USA', 1188, 94500, 41016.75, 168),
(320, 'MU817160', '2003-11-24 00:00:00', 'Wing Huang', '5085559555', '4575 Hillside Dr. ', 'New Bedford', 'MA', '50553', 'Mini Creations Ltd.', 'USA', 1188, 94500, 52548.49, 169),
(321, 'DJ15149', '2003-11-03 00:00:00', 'Julie Brown', '6505551386', '7734 Strong St. ', 'San Francisco', 'CA', '94217', 'Corporate Gift Ideas Co.', 'USA', 1165, 105000, 85559.12, 170),
(321, 'LA556321', '2005-03-15 00:00:00', 'Julie Brown', '6505551386', '7734 Strong St. ', 'San Francisco', 'CA', '94217', 'Corporate Gift Ideas Co.', 'USA', 1165, 105000, 46781.66, 171),
(323, 'AL493079', '2005-05-23 00:00:00', 'Mike Graham', '+64 9 312 5555', '162-164 Grafton Road Level 2', 'Auckland  ', NULL, NULL, 'Down Under Souveniers, Inc', 'New Zealand', 1612, 88000, 75020.13, 172),
(323, 'ES347491', '2004-06-24 00:00:00', 'Mike Graham', '+64 9 312 5555', '162-164 Grafton Road Level 2', 'Auckland  ', NULL, NULL, 'Down Under Souveniers, Inc', 'New Zealand', 1612, 88000, 37281.36, 173),
(323, 'HG738664', '2003-07-05 00:00:00', 'Mike Graham', '+64 9 312 5555', '162-164 Grafton Road Level 2', 'Auckland  ', NULL, NULL, 'Down Under Souveniers, Inc', 'New Zealand', 1612, 88000, 2880, 174),
(323, 'PQ803830', '2004-12-24 00:00:00', 'Mike Graham', '+64 9 312 5555', '162-164 Grafton Road Level 2', 'Auckland  ', NULL, NULL, 'Down Under Souveniers, Inc', 'New Zealand', 1612, 88000, 39440.59, 175),
(324, 'DQ409197', '2004-12-13 00:00:00', 'Ann  Brown', '(171) 555-0297', '35 King George ', 'London', NULL, 'WX3 6FW', 'Stylish Desk Decors, Co.', 'UK', 1501, 77000, 13671.82, 176),
(324, 'FP443161', '2003-07-07 00:00:00', 'Ann  Brown', '(171) 555-0297', '35 King George ', 'London', NULL, 'WX3 6FW', 'Stylish Desk Decors, Co.', 'UK', 1501, 77000, 29429.14, 177),
(324, 'HB150714', '2003-11-23 00:00:00', 'Ann  Brown', '(171) 555-0297', '35 King George ', 'London', NULL, 'WX3 6FW', 'Stylish Desk Decors, Co.', 'UK', 1501, 77000, 37455.77, 178),
(328, 'EN930356', '2004-04-16 00:00:00', 'William Brown', '2015559350', '7476 Moss Rd. ', 'Newark', 'NJ', '94019', 'Tekni Collectables Inc.', 'USA', 1323, 43000, 7178.66, 179),
(328, 'NR631421', '2004-05-30 00:00:00', 'William Brown', '2015559350', '7476 Moss Rd. ', 'Newark', 'NJ', '94019', 'Tekni Collectables Inc.', 'USA', 1323, 43000, 31102.85, 180),
(333, 'HL209210', '2003-11-15 00:00:00', 'Ben Calaghan', '61-7-3844-6555', '31 Duncan St. West End ', 'South Brisbane', 'Queensland', '4101', 'Australian Gift Network, Co', 'Australia', 1611, 51600, 23936.53, 181),
(333, 'JK479662', '2003-10-17 00:00:00', 'Ben Calaghan', '61-7-3844-6555', '31 Duncan St. West End ', 'South Brisbane', 'Queensland', '4101', 'Australian Gift Network, Co', 'Australia', 1611, 51600, 9821.32, 182),
(333, 'NF959653', '2005-03-01 00:00:00', 'Ben Calaghan', '61-7-3844-6555', '31 Duncan St. West End ', 'South Brisbane', 'Queensland', '4101', 'Australian Gift Network, Co', 'Australia', 1611, 51600, 21432.31, 183),
(334, 'CS435306', '2005-01-27 00:00:00', 'Kalle Suominen', '+358 9 8045 555', 'Software Engineering Center SEC Oy', 'Espoo', NULL, 'FIN-02271', 'Suominen Souveniers', 'Finland', 1501, 98800, 45785.34, 184),
(334, 'HH517378', '2003-08-16 00:00:00', 'Kalle Suominen', '+358 9 8045 555', 'Software Engineering Center SEC Oy', 'Espoo', NULL, 'FIN-02271', 'Suominen Souveniers', 'Finland', 1501, 98800, 29716.86, 185),
(334, 'LF737277', '2004-05-22 00:00:00', 'Kalle Suominen', '+358 9 8045 555', 'Software Engineering Center SEC Oy', 'Espoo', NULL, 'FIN-02271', 'Suominen Souveniers', 'Finland', 1501, 98800, 28394.54, 186),
(339, 'AP286625', '2004-10-24 00:00:00', 'Francisca Cervantes', '2155554695', '782 First Street ', 'Philadelphia', 'PA', '71270', 'Classic Gift Ideas, Inc', 'USA', 1188, 81100, 23333.06, 187),
(339, 'DA98827', '2003-11-28 00:00:00', 'Francisca Cervantes', '2155554695', '782 First Street ', 'Philadelphia', 'PA', '71270', 'Classic Gift Ideas, Inc', 'USA', 1188, 81100, 34606.28, 188),
(344, 'AF246722', '2003-11-24 00:00:00', 'Jesus Fernandez', '+34 913 728 555', 'Merchants House 27-30 Merchant\'s Quay', 'Madrid', NULL, '28023', 'CAF Imports', 'Spain', 1702, 59600, 31428.21, 189),
(344, 'NJ906924', '2004-04-02 00:00:00', 'Jesus Fernandez', '+34 913 728 555', 'Merchants House 27-30 Merchant\'s Quay', 'Madrid', NULL, '28023', 'CAF Imports', 'Spain', 1702, 59600, 15322.93, 190),
(347, 'DG700707', '2004-01-18 00:00:00', 'Brian Chandler', '2155554369', '6047 Douglas Av. ', 'Los Angeles', 'CA', '91003', 'Men \'R\' US Retailers, Ltd.', 'USA', 1166, 57700, 21053.69, 191),
(347, 'LG808674', '2003-10-24 00:00:00', 'Brian Chandler', '2155554369', '6047 Douglas Av. ', 'Los Angeles', 'CA', '91003', 'Men \'R\' US Retailers, Ltd.', 'USA', 1166, 57700, 20452.5, 192),
(350, 'BQ602907', '2004-12-11 00:00:00', 'Laurence  Lebihan', '91.24.4555', '12, rue des Bouchers ', 'Marseille', NULL, '13008', 'Marseille Mini Autos', 'France', 1337, 65000, 18888.31, 193),
(350, 'CI471510', '2003-05-25 00:00:00', 'Laurence  Lebihan', '91.24.4555', '12, rue des Bouchers ', 'Marseille', NULL, '13008', 'Marseille Mini Autos', 'France', 1337, 65000, 50824.66, 194),
(350, 'OB648482', '2005-01-29 00:00:00', 'Laurence  Lebihan', '91.24.4555', '12, rue des Bouchers ', 'Marseille', NULL, '13008', 'Marseille Mini Autos', 'France', 1337, 65000, 1834.56, 195),
(353, 'CO351193', '2005-01-10 00:00:00', 'Paul  Henriot', '26.47.1555', '59 rue de l\'Abbaye ', 'Reims', NULL, '51100', 'Reims Collectables', 'France', 1337, 81100, 49705.52, 196),
(353, 'ED878227', '2003-07-21 00:00:00', 'Paul  Henriot', '26.47.1555', '59 rue de l\'Abbaye ', 'Reims', NULL, '51100', 'Reims Collectables', 'France', 1337, 81100, 13920.26, 197),
(353, 'GT878649', '2003-05-21 00:00:00', 'Paul  Henriot', '26.47.1555', '59 rue de l\'Abbaye ', 'Reims', NULL, '51100', 'Reims Collectables', 'France', 1337, 81100, 16700.47, 198),
(353, 'HJ618252', '2005-06-09 00:00:00', 'Paul  Henriot', '26.47.1555', '59 rue de l\'Abbaye ', 'Reims', NULL, '51100', 'Reims Collectables', 'France', 1337, 81100, 46656.94, 199),
(357, 'AG240323', '2003-12-16 00:00:00', 'Wales MacKinlay', '64-9-3763555', '199 Great North Road ', 'Auckland', NULL, NULL, 'GiftsForHim.com', 'New Zealand', 1612, 77700, 20220.04, 200),
(357, 'NB291497', '2004-05-15 00:00:00', 'Wales MacKinlay', '64-9-3763555', '199 Great North Road ', 'Auckland', NULL, NULL, 'GiftsForHim.com', 'New Zealand', 1612, 77700, 36442.34, 201),
(362, 'FP170292', '2004-07-11 00:00:00', 'Juri Yoshido', '6175559555', '8616 Spinnaker Dr. ', 'Boston', 'MA', '51003', 'Gifts4AllAges.com', 'USA', 1216, 41900, 18473.71, 202),
(362, 'OG208861', '2004-09-21 00:00:00', 'Juri Yoshido', '6175559555', '8616 Spinnaker Dr. ', 'Boston', 'MA', '51003', 'Gifts4AllAges.com', 'USA', 1216, 41900, 15059.76, 203),
(363, 'HL575273', '2004-11-17 00:00:00', 'Dorothy Young', '6035558647', '2304 Long Airport Avenue ', 'Nashua', 'NH', '62005', 'Online Diecast Creations Co.', 'USA', 1216, 114200, 50799.69, 204),
(363, 'IS232033', '2003-01-16 00:00:00', 'Dorothy Young', '6035558647', '2304 Long Airport Avenue ', 'Nashua', 'NH', '62005', 'Online Diecast Creations Co.', 'USA', 1216, 114200, 10223.83, 205),
(363, 'PN238558', '2003-12-05 00:00:00', 'Dorothy Young', '6035558647', '2304 Long Airport Avenue ', 'Nashua', 'NH', '62005', 'Online Diecast Creations Co.', 'USA', 1216, 114200, 55425.77, 206),
(379, 'CA762595', '2005-02-12 00:00:00', 'Allen Nelson', '6175558555', '7825 Douglas Av. ', 'Brickhaven', 'MA', '58339', 'Collectables For Less Inc.', 'USA', 1188, 70700, 28322.83, 207),
(379, 'FR499138', '2003-09-16 00:00:00', 'Allen Nelson', '6175558555', '7825 Douglas Av. ', 'Brickhaven', 'MA', '58339', 'Collectables For Less Inc.', 'USA', 1188, 70700, 32680.31, 208),
(379, 'GB890854', '2004-08-02 00:00:00', 'Allen Nelson', '6175558555', '7825 Douglas Av. ', 'Brickhaven', 'MA', '58339', 'Collectables For Less Inc.', 'USA', 1188, 70700, 12530.51, 209),
(381, 'BC726082', '2004-12-03 00:00:00', 'Pascale  Cartrain', '(071) 23 67 2555', 'Boulevard Tirou, 255 ', 'Charleroi', NULL, 'B-6000', 'Royale Belge', 'Belgium', 1401, 23500, 12081.52, 210),
(381, 'CC475233', '2003-04-19 00:00:00', 'Pascale  Cartrain', '(071) 23 67 2555', 'Boulevard Tirou, 255 ', 'Charleroi', NULL, 'B-6000', 'Royale Belge', 'Belgium', 1401, 23500, 1627.56, 211),
(381, 'GB117430', '2005-02-03 00:00:00', 'Pascale  Cartrain', '(071) 23 67 2555', 'Boulevard Tirou, 255 ', 'Charleroi', NULL, 'B-6000', 'Royale Belge', 'Belgium', 1401, 23500, 14379.9, 212),
(381, 'MS154481', '2003-08-22 00:00:00', 'Pascale  Cartrain', '(071) 23 67 2555', 'Boulevard Tirou, 255 ', 'Charleroi', NULL, 'B-6000', 'Royale Belge', 'Belgium', 1401, 23500, 1128.2, 213),
(382, 'CC871084', '2003-05-12 00:00:00', 'Georg  Pipps', '6562-9555', 'Geislweg 14 ', 'Salzburg', NULL, '5020', 'Salzburg Collectables', 'Austria', 1401, 71700, 35826.33, 214),
(382, 'CT821147', '2004-08-01 00:00:00', 'Georg  Pipps', '6562-9555', 'Geislweg 14 ', 'Salzburg', NULL, '5020', 'Salzburg Collectables', 'Austria', 1401, 71700, 6419.84, 215),
(382, 'PH29054', '2004-11-27 00:00:00', 'Georg  Pipps', '6562-9555', 'Geislweg 14 ', 'Salzburg', NULL, '5020', 'Salzburg Collectables', 'Austria', 1401, 71700, 42813.83, 216),
(385, 'BN347084', '2003-12-02 00:00:00', 'Arnold Cruz', '+63 2 555 3587', '15 McCallum Street NatWest Center #13-03', 'Makati City', NULL, '1227 MM', 'Cruz & Sons Co.', 'Philippines', 1621, 81500, 20644.24, 217),
(385, 'CP804873', '2004-11-19 00:00:00', 'Arnold Cruz', '+63 2 555 3587', '15 McCallum Street NatWest Center #13-03', 'Makati City', NULL, '1227 MM', 'Cruz & Sons Co.', 'Philippines', 1621, 81500, 15822.84, 218),
(385, 'EK785462', '2003-03-09 00:00:00', 'Arnold Cruz', '+63 2 555 3587', '15 McCallum Street NatWest Center #13-03', 'Makati City', NULL, '1227 MM', 'Cruz & Sons Co.', 'Philippines', 1621, 81500, 51001.22, 219),
(386, 'DO106109', '2003-11-18 00:00:00', 'Maurizio  Moroni', '0522-556555', 'Strada Provinciale 124 ', 'Reggio Emilia', NULL, '42100', 'L\'ordine Souveniers', 'Italy', 1401, 121400, 38524.29, 220),
(386, 'HG438769', '2004-07-18 00:00:00', 'Maurizio  Moroni', '0522-556555', 'Strada Provinciale 124 ', 'Reggio Emilia', NULL, '42100', 'L\'ordine Souveniers', 'Italy', 1401, 121400, 51619.02, 221),
(398, 'AJ478695', '2005-02-14 00:00:00', 'Akiko Shimamura', '+81 3 3584 0555', '2-2-8 Roppongi ', 'Minato-ku', 'Tokyo', '106-0032', 'Tokyo Collectables, Ltd', 'Japan', 1621, 94400, 33967.73, 222),
(398, 'DO787644', '2004-06-21 00:00:00', 'Akiko Shimamura', '+81 3 3584 0555', '2-2-8 Roppongi ', 'Minato-ku', 'Tokyo', '106-0032', 'Tokyo Collectables, Ltd', 'Japan', 1621, 94400, 22037.91, 223),
(398, 'JPMR4544', '2005-05-18 00:00:00', 'Akiko Shimamura', '+81 3 3584 0555', '2-2-8 Roppongi ', 'Minato-ku', 'Tokyo', '106-0032', 'Tokyo Collectables, Ltd', 'Japan', 1621, 94400, 615.45, 224),
(398, 'KB54275', '2004-11-29 00:00:00', 'Akiko Shimamura', '+81 3 3584 0555', '2-2-8 Roppongi ', 'Minato-ku', 'Tokyo', '106-0032', 'Tokyo Collectables, Ltd', 'Japan', 1621, 94400, 48927.64, 225),
(406, 'BJMPR4545', '2005-04-23 00:00:00', 'Dominique Perrier', '(1) 47.55.6555', '25, rue Lauriston ', 'Paris', NULL, '75016', 'Auto Canal+ Petit', 'France', 1337, 95000, 12190.85, 226),
(406, 'HJ217687', '2004-01-28 00:00:00', 'Dominique Perrier', '(1) 47.55.6555', '25, rue Lauriston ', 'Paris', NULL, '75016', 'Auto Canal+ Petit', 'France', 1337, 95000, 49165.16, 227),
(406, 'NA197101', '2004-06-17 00:00:00', 'Dominique Perrier', '(1) 47.55.6555', '25, rue Lauriston ', 'Paris', NULL, '75016', 'Auto Canal+ Petit', 'France', 1337, 95000, 25080.96, 228),
(412, 'GH197075', '2004-07-25 00:00:00', 'Sarah McRoy', '04 499 9555', '101 Lambton Quay Level 11', 'Wellington', NULL, NULL, 'Extreme Desk Decorations, Ltd', 'New Zealand', 1612, 86800, 35034.57, 229),
(412, 'PJ434867', '2004-04-14 00:00:00', 'Sarah McRoy', '04 499 9555', '101 Lambton Quay Level 11', 'Wellington', NULL, NULL, 'Extreme Desk Decorations, Ltd', 'New Zealand', 1612, 86800, 31670.37, 230),
(415, 'ER54537', '2004-09-28 00:00:00', 'Michael Donnermeyer', ' +49 89 61 08 9555', 'Hansastr. 15 ', 'Munich', NULL, '80686', 'Bavarian Collectables Imports, Co.', 'Germany', 1504, 77000, 31310.09, 231),
(424, 'KF480160', '2004-12-07 00:00:00', 'Maria Hernandez', '2125558493', '5905 Pompton St. Suite 750', 'NYC', 'NY', '10022', 'Classic Legends Inc.', 'USA', 1286, 67500, 25505.98, 232),
(424, 'LM271923', '2003-04-16 00:00:00', 'Maria Hernandez', '2125558493', '5905 Pompton St. Suite 750', 'NYC', 'NY', '10022', 'Classic Legends Inc.', 'USA', 1286, 67500, 21665.98, 233),
(424, 'OA595449', '2003-10-31 00:00:00', 'Maria Hernandez', '2125558493', '5905 Pompton St. Suite 750', 'NYC', 'NY', '10022', 'Classic Legends Inc.', 'USA', 1286, 67500, 22042.37, 234),
(447, 'AO757239', '2003-09-15 00:00:00', 'Dan Lewis', '2035554407', '2440 Pompton St. ', 'Glendale', 'CT', '97561', 'Gift Ideas Corp.', 'USA', 1323, 49700, 6631.36, 235),
(447, 'ER615123', '2003-06-25 00:00:00', 'Dan Lewis', '2035554407', '2440 Pompton St. ', 'Glendale', 'CT', '97561', 'Gift Ideas Corp.', 'USA', 1323, 49700, 17032.29, 236),
(447, 'OU516561', '2004-12-17 00:00:00', 'Dan Lewis', '2035554407', '2440 Pompton St. ', 'Glendale', 'CT', '97561', 'Gift Ideas Corp.', 'USA', 1323, 49700, 26304.13, 237),
(448, 'FS299615', '2005-04-18 00:00:00', 'Martha Larsson', '0695-34 6555', 'Åkergatan 24 ', 'Bräcke', NULL, 'S-844 67', 'Scandinavian Gift Ideas', 'Sweden', 1504, 116400, 27966.54, 238),
(448, 'KR822727', '2004-09-30 00:00:00', 'Martha Larsson', '0695-34 6555', 'Åkergatan 24 ', 'Bräcke', NULL, 'S-844 67', 'Scandinavian Gift Ideas', 'Sweden', 1504, 116400, 48809.9, 239),
(450, 'EF485824', '2004-06-21 00:00:00', 'Sue Frick', '4085553659', '3086 Ingle Ln. ', 'San Jose', 'CA', '94217', 'The Sharp Gifts Warehouse', 'USA', 1165, 77600, 59551.38, 240),
(452, 'ED473873', '2003-11-15 00:00:00', 'Roland  Mendel', '7675-3555', 'Kirchgasse 6 ', 'Graz', NULL, '8010', 'Mini Auto Werke', 'Austria', 1401, 45300, 27121.9, 241),
(452, 'FN640986', '2003-11-20 00:00:00', 'Roland  Mendel', '7675-3555', 'Kirchgasse 6 ', 'Graz', NULL, '8010', 'Mini Auto Werke', 'Austria', 1401, 45300, 15130.97, 242),
(452, 'HG635467', '2005-05-03 00:00:00', 'Roland  Mendel', '7675-3555', 'Kirchgasse 6 ', 'Graz', NULL, '8010', 'Mini Auto Werke', 'Austria', 1401, 45300, 8807.12, 243),
(455, 'HA777606', '2003-12-05 00:00:00', 'Leslie Murphy', '2035559545', '567 North Pendale Street ', 'New Haven', 'CT', '97823', 'Super Scale Inc.', 'USA', 1286, 95400, 38139.18, 244),
(455, 'IR662429', '2004-05-12 00:00:00', 'Leslie Murphy', '2035559545', '567 North Pendale Street ', 'New Haven', 'CT', '97823', 'Super Scale Inc.', 'USA', 1286, 95400, 32239.47, 245),
(456, 'GJ715659', '2004-11-13 00:00:00', 'Yu Choi', '2125551957', '5290 North Pendale Street Suite 200', 'NYC', 'NY', '10022', 'Microscale Inc.', 'USA', 1286, 39800, 27550.51, 246),
(456, 'MO743231', '2004-04-30 00:00:00', 'Yu Choi', '2125551957', '5290 North Pendale Street Suite 200', 'NYC', 'NY', '10022', 'Microscale Inc.', 'USA', 1286, 39800, 1679.92, 247),
(458, 'DD995006', '2004-11-15 00:00:00', 'Martín  Sommer', '(91) 555 22 82', 'C/ Araquil, 67 ', 'Madrid', NULL, '28023', 'Corrida Auto Replicas, Ltd', 'Spain', 1702, 104600, 33145.56, 248),
(458, 'NA377824', '2004-02-06 00:00:00', 'Martín  Sommer', '(91) 555 22 82', 'C/ Araquil, 67 ', 'Madrid', NULL, '28023', 'Corrida Auto Replicas, Ltd', 'Spain', 1702, 104600, 22162.61, 249),
(458, 'OO606861', '2003-06-13 00:00:00', 'Martín  Sommer', '(91) 555 22 82', 'C/ Araquil, 67 ', 'Madrid', NULL, '28023', 'Corrida Auto Replicas, Ltd', 'Spain', 1702, 104600, 57131.92, 250),
(462, 'ED203908', '2005-04-15 00:00:00', 'Violeta Benitez', '5085552555', '1785 First Street ', 'New Bedford', 'MA', '50553', 'FunGiftIdeas.com', 'USA', 1216, 85800, 30293.77, 251),
(462, 'GC60330', '2003-11-08 00:00:00', 'Violeta Benitez', '5085552555', '1785 First Street ', 'New Bedford', 'MA', '50553', 'FunGiftIdeas.com', 'USA', 1216, 85800, 9977.85, 252),
(462, 'PE176846', '2004-11-27 00:00:00', 'Violeta Benitez', '5085552555', '1785 First Street ', 'New Bedford', 'MA', '50553', 'FunGiftIdeas.com', 'USA', 1216, 85800, 48355.87, 253),
(471, 'AB661578', '2004-07-28 00:00:00', 'Sean Clenahan', '61-9-3844-6555', '7 Allen Street ', 'Glen Waverly', 'Victoria', '3150', 'Australian Collectables, Ltd', 'Australia', 1611, 60300, 9415.13, 254),
(471, 'CO645196', '2003-12-10 00:00:00', 'Sean Clenahan', '61-9-3844-6555', '7 Allen Street ', 'Glen Waverly', 'Victoria', '3150', 'Australian Collectables, Ltd', 'Australia', 1611, 60300, 35505.63, 255),
(473, 'LL427009', '2004-02-17 00:00:00', 'Franco Ricotti', '+39 022515555', '20093 Cologno Monzese Alessandro Volta 16', 'Milan', NULL, NULL, 'Frau da Collezione', 'Italy', 1401, 34800, 7612.06, 256),
(473, 'PC688499', '2003-10-27 00:00:00', 'Franco Ricotti', '+39 022515555', '20093 Cologno Monzese Alessandro Volta 16', 'Milan', NULL, NULL, 'Frau da Collezione', 'Italy', 1401, 34800, 17746.26, 257),
(475, 'JP113227', '2003-12-09 00:00:00', 'Steve Thompson', '3105553722', '3675 Furth Circle ', 'Burbank', 'CA', '94019', 'West Coast Collectables Co.', 'USA', 1166, 55400, 7678.25, 258),
(475, 'PB951268', '2004-02-13 00:00:00', 'Steve Thompson', '3105553722', '3675 Furth Circle ', 'Burbank', 'CA', '94019', 'West Coast Collectables Co.', 'USA', 1166, 55400, 36070.47, 259),
(484, 'GK294076', '2004-10-26 00:00:00', 'José Pedro  Roel', '(95) 555 82 82', 'C/ Romero, 33 ', 'Sevilla', NULL, '41101', 'Iberia Gift Imports, Corp.', 'Spain', 1702, 65700, 3474.66, 260),
(484, 'JH546765', '2003-11-29 00:00:00', 'José Pedro  Roel', '(95) 555 82 82', 'C/ Romero, 33 ', 'Sevilla', NULL, '41101', 'Iberia Gift Imports, Corp.', 'Spain', 1702, 65700, 47513.19, 261),
(486, 'BL66528', '2004-04-14 00:00:00', 'Rosa Salazar', '2155559857', '11328 Douglas Av. ', 'Philadelphia', 'PA', '71270', 'Motor Mint Distributors Inc.', 'USA', 1323, 72600, 5899.38, 262),
(486, 'HS86661', '2004-11-23 00:00:00', 'Rosa Salazar', '2155559857', '11328 Douglas Av. ', 'Philadelphia', 'PA', '71270', 'Motor Mint Distributors Inc.', 'USA', 1323, 72600, 45994.07, 263),
(486, 'JB117768', '2003-03-20 00:00:00', 'Rosa Salazar', '2155559857', '11328 Douglas Av. ', 'Philadelphia', 'PA', '71270', 'Motor Mint Distributors Inc.', 'USA', 1323, 72600, 25833.14, 264),
(487, 'AH612904', '2003-09-28 00:00:00', 'Sue Taylor', '4155554312', '2793 Furth Circle ', 'Brisbane', 'CA', '94217', 'Signal Collectibles Ltd.', 'USA', 1165, 60300, 29997.09, 265);
INSERT INTO `dim_payment` (`customerNumber`, `checkNumber`, `paymentDate`, `contact_name`, `phone`, `address`, `city`, `state`, `postalCode`, `customerName`, `country`, `salesRepEmployeeNumber`, `creditLimit`, `amount`, `id_payment`) VALUES
(487, 'PT550181', '2004-02-29 00:00:00', 'Sue Taylor', '4155554312', '2793 Furth Circle ', 'Brisbane', 'CA', '94217', 'Signal Collectibles Ltd.', 'USA', 1165, 60300, 12573.28, 266),
(489, 'OC773849', '2003-12-04 00:00:00', 'Thomas  Smith', '(171) 555-7555', '120 Hanover Sq. ', 'London', NULL, 'WA1 1DP', 'Double Decker Gift Stores, Ltd', 'UK', 1501, 43300, 22275.73, 267),
(489, 'PO860906', '2004-01-31 00:00:00', 'Thomas  Smith', '(171) 555-7555', '120 Hanover Sq. ', 'London', NULL, 'WA1 1DP', 'Double Decker Gift Stores, Ltd', 'UK', 1501, 43300, 7310.42, 268),
(495, 'BH167026', '2003-12-26 00:00:00', 'Valarie Franco', '6175552555', '6251 Ingle Ln. ', 'Boston', 'MA', '51003', 'Diecast Collectables', 'USA', 1188, 85100, 59265.14, 269),
(495, 'FN155234', '2004-05-14 00:00:00', 'Valarie Franco', '6175552555', '6251 Ingle Ln. ', 'Boston', 'MA', '51003', 'Diecast Collectables', 'USA', 1188, 85100, 6276.6, 270),
(496, 'EU531600', '2005-05-25 00:00:00', 'Tony Snowden', '+64 9 5555500', 'Arenales 1938 3\'A\' ', 'Auckland  ', NULL, NULL, 'Kelly\'s Gift Shop', 'New Zealand', 1612, 110000, 30253.75, 271),
(496, 'MB342426', '2003-07-16 00:00:00', 'Tony Snowden', '+64 9 5555500', 'Arenales 1938 3\'A\' ', 'Auckland  ', NULL, NULL, 'Kelly\'s Gift Shop', 'New Zealand', 1612, 110000, 32077.44, 272),
(496, 'MN89921', '2004-12-31 00:00:00', 'Tony Snowden', '+64 9 5555500', 'Arenales 1938 3\'A\' ', 'Auckland  ', NULL, NULL, 'Kelly\'s Gift Shop', 'New Zealand', 1612, 110000, 52166, 273);

-- --------------------------------------------------------

--
-- Struktur dari tabel `dim_product`
--

CREATE TABLE `dim_product` (
  `productLine` varchar(50) DEFAULT NULL,
  `productCode` varchar(15) DEFAULT NULL,
  `productName` varchar(70) DEFAULT NULL,
  `productVendor` varchar(50) DEFAULT NULL,
  `buyPrice` double DEFAULT NULL,
  `id_product` int(11) DEFAULT NULL,
  `quantityInStock` int(11) DEFAULT NULL
) ENGINE=InnoDB DEFAULT CHARSET=utf8mb4;

--
-- Dumping data untuk tabel `dim_product`
--

INSERT INTO `dim_product` (`productLine`, `productCode`, `productName`, `productVendor`, `buyPrice`, `id_product`, `quantityInStock`) VALUES
('Classic Cars', 'S700_2824', '1982 Camaro Z28', 'Carousel DieCast Legends', 46.53, 1, 6934),
('Motorcycles', 'S50_4713', '2002 Yamaha YZR M1', 'Autoart Studio Design', 34.17, 2, 600),
('Planes', 'S72_1253', 'Boeing X-32A JSF', 'Motor City Art Classics', 32.77, 3, 4857),
('Ships', 'S72_3212', 'Pont Yacht', 'Unimax Art Galleries', 33.3, 4, 414),
('Trains', 'S50_1514', '1962 City of Detroit Streetcar', 'Classic Metal Creations', 37.49, 5, 1645),
('Trucks and Buses', 'S50_1392', 'Diamond T620 Semi-Skirted Tanker', 'Highway 66 Mini Classics', 68.29, 6, 1016),
('Vintage Cars', 'S50_1341', '1930 Buick Marquette Phaeton', 'Studio M Art Models', 27.06, 7, 7062);

-- --------------------------------------------------------

--
-- Struktur dari tabel `fakta`
--

CREATE TABLE `fakta` (
  `id_fakta` int(11) DEFAULT NULL,
  `id_order` int(11) DEFAULT NULL,
  `id_payment` int(11) DEFAULT NULL,
  `id_karyawan` int(11) DEFAULT NULL,
  `customerNumber` int(11) DEFAULT NULL,
  `paymentDate` datetime DEFAULT NULL,
  `customerName` varchar(50) DEFAULT NULL,
  `productName` varchar(70) DEFAULT NULL,
  `id_product` int(11) DEFAULT NULL,
  `jumlah_pesanan` int(11) DEFAULT NULL,
  `harga_barang` double DEFAULT NULL,
  `orderDate` datetime DEFAULT NULL
) ENGINE=InnoDB DEFAULT CHARSET=utf8mb4;

--
-- Dumping data untuk tabel `fakta`
--

INSERT INTO `fakta` (`id_fakta`, `id_order`, `id_payment`, `id_karyawan`, `customerNumber`, `paymentDate`, `customerName`, `productName`, `id_product`, `jumlah_pesanan`, `harga_barang`, `orderDate`) VALUES
(1, 1, 1, 1, 103, '2004-10-19 00:00:00', 'Atelier graphique', '1982 Camaro Z28', 1, 49, 35.29, '2003-01-06 00:00:00'),
(2, 2, 2, 2, 103, '2003-06-05 00:00:00', 'Atelier graphique', '2002 Yamaha YZR M1', 2, 46, 44.35, '2003-01-09 00:00:00'),
(3, 3, 3, 3, 103, '2004-12-18 00:00:00', 'Atelier graphique', 'Boeing X-32A JSF', 3, 41, 43.13, '2003-01-10 00:00:00'),
(4, 4, 4, 4, 112, '2004-12-17 00:00:00', 'Signal Gift Stores', 'Pont Yacht', 4, 42, 94.07, '2003-01-29 00:00:00'),
(5, 5, 5, 5, 112, '2003-06-06 00:00:00', 'Signal Gift Stores', '1962 City of Detroit Streetcar', 5, 32, 53.31, '2003-01-31 00:00:00'),
(6, 6, 6, 6, 112, '2004-08-20 00:00:00', 'Signal Gift Stores', 'Diamond T620 Semi-Skirted Tanker', 6, 25, 44.77, '2003-02-11 00:00:00'),
(7, 7, 7, 7, 114, '2003-05-20 00:00:00', 'Australian Collectors, Co.', '1930 Buick Marquette Phaeton', 7, 48, 43.7, '2003-02-17 00:00:00'),
(8, NULL, 8, 8, 114, '2004-12-15 00:00:00', 'Australian Collectors, Co.', NULL, NULL, NULL, NULL, NULL),
(9, NULL, 9, 9, 114, '2003-05-31 00:00:00', 'Australian Collectors, Co.', NULL, NULL, NULL, NULL, NULL),
(10, NULL, 10, 10, 114, '2004-03-10 00:00:00', 'Australian Collectors, Co.', NULL, NULL, NULL, NULL, NULL),
(11, NULL, 11, 11, 119, '2004-11-14 00:00:00', 'La Rochelle Gifts', NULL, NULL, NULL, NULL, NULL),
(12, NULL, 12, 12, 119, '2004-08-08 00:00:00', 'La Rochelle Gifts', NULL, NULL, NULL, NULL, NULL),
(13, NULL, 13, 13, 119, '2005-02-22 00:00:00', 'La Rochelle Gifts', NULL, NULL, NULL, NULL, NULL),
(14, NULL, 14, 14, 121, '2003-02-16 00:00:00', 'Baane Mini Imports', NULL, NULL, NULL, NULL, NULL),
(15, NULL, 15, 15, 121, '2003-10-28 00:00:00', 'Baane Mini Imports', NULL, NULL, NULL, NULL, NULL),
(16, NULL, 16, 16, 121, '2004-11-04 00:00:00', 'Baane Mini Imports', NULL, NULL, NULL, NULL, NULL),
(17, NULL, 17, 17, 121, '2004-11-28 00:00:00', 'Baane Mini Imports', NULL, NULL, NULL, NULL, NULL),
(18, NULL, 18, 18, 124, '2005-03-05 00:00:00', 'Mini Gifts Distributors Ltd.', NULL, NULL, NULL, NULL, NULL),
(19, NULL, 19, 19, 124, '2004-08-28 00:00:00', 'Mini Gifts Distributors Ltd.', NULL, NULL, NULL, NULL, NULL),
(20, NULL, 20, 20, 124, '2003-04-11 00:00:00', 'Mini Gifts Distributors Ltd.', NULL, NULL, NULL, NULL, NULL),
(21, NULL, 21, 21, 124, '2005-04-16 00:00:00', 'Mini Gifts Distributors Ltd.', NULL, NULL, NULL, NULL, NULL),
(22, NULL, 22, 22, 124, '2004-12-27 00:00:00', 'Mini Gifts Distributors Ltd.', NULL, NULL, NULL, NULL, NULL),
(23, NULL, 23, 23, 124, '2004-11-02 00:00:00', 'Mini Gifts Distributors Ltd.', NULL, NULL, NULL, NULL, NULL),
(24, NULL, 24, NULL, 124, '2003-08-15 00:00:00', 'Mini Gifts Distributors Ltd.', NULL, NULL, NULL, NULL, NULL),
(25, NULL, 25, NULL, 124, '2004-03-26 00:00:00', 'Mini Gifts Distributors Ltd.', NULL, NULL, NULL, NULL, NULL),
(26, NULL, 26, NULL, 124, '2003-11-25 00:00:00', 'Mini Gifts Distributors Ltd.', NULL, NULL, NULL, NULL, NULL),
(27, NULL, 27, NULL, 128, '2003-01-28 00:00:00', 'Blauer See Auto, Co.', NULL, NULL, NULL, NULL, NULL),
(28, NULL, 28, NULL, 128, '2003-10-18 00:00:00', 'Blauer See Auto, Co.', NULL, NULL, NULL, NULL, NULL),
(29, NULL, 29, NULL, 128, '2004-03-24 00:00:00', 'Blauer See Auto, Co.', NULL, NULL, NULL, NULL, NULL),
(30, NULL, 30, NULL, 128, '2004-11-18 00:00:00', 'Blauer See Auto, Co.', NULL, NULL, NULL, NULL, NULL),
(31, NULL, 31, NULL, 129, '2004-12-08 00:00:00', 'Mini Wheels Co.', NULL, NULL, NULL, NULL, NULL),
(32, NULL, 32, NULL, 129, '2003-12-11 00:00:00', 'Mini Wheels Co.', NULL, NULL, NULL, NULL, NULL),
(33, NULL, 33, NULL, 129, '2003-04-09 00:00:00', 'Mini Wheels Co.', NULL, NULL, NULL, NULL, NULL),
(34, NULL, 34, NULL, 131, '2003-03-12 00:00:00', 'Land of Toys Inc.', NULL, NULL, NULL, NULL, NULL),
(35, NULL, 35, NULL, 131, '2004-12-02 00:00:00', 'Land of Toys Inc.', NULL, NULL, NULL, NULL, NULL),
(36, NULL, 36, NULL, 131, '2004-09-11 00:00:00', 'Land of Toys Inc.', NULL, NULL, NULL, NULL, NULL),
(37, NULL, 37, NULL, 141, '2003-07-19 00:00:00', 'Euro+ Shopping Channel', NULL, NULL, NULL, NULL, NULL),
(38, NULL, 38, NULL, 141, '2004-11-01 00:00:00', 'Euro+ Shopping Channel', NULL, NULL, NULL, NULL, NULL),
(39, NULL, 39, NULL, 141, '2005-05-19 00:00:00', 'Euro+ Shopping Channel', NULL, NULL, NULL, NULL, NULL),
(40, NULL, 40, NULL, 141, '2004-01-30 00:00:00', 'Euro+ Shopping Channel', NULL, NULL, NULL, NULL, NULL),
(41, NULL, 41, NULL, 141, '2004-12-31 00:00:00', 'Euro+ Shopping Channel', NULL, NULL, NULL, NULL, NULL),
(42, NULL, 42, NULL, 141, '2005-03-25 00:00:00', 'Euro+ Shopping Channel', NULL, NULL, NULL, NULL, NULL),
(43, NULL, 43, NULL, 141, '2005-03-18 00:00:00', 'Euro+ Shopping Channel', NULL, NULL, NULL, NULL, NULL),
(44, NULL, 44, NULL, 141, '2003-10-26 00:00:00', 'Euro+ Shopping Channel', NULL, NULL, NULL, NULL, NULL),
(45, NULL, 45, NULL, 141, '2003-02-25 00:00:00', 'Euro+ Shopping Channel', NULL, NULL, NULL, NULL, NULL),
(46, NULL, 46, NULL, 141, '2003-12-09 00:00:00', 'Euro+ Shopping Channel', NULL, NULL, NULL, NULL, NULL),
(47, NULL, 47, NULL, 141, '2004-07-09 00:00:00', 'Euro+ Shopping Channel', NULL, NULL, NULL, NULL, NULL),
(48, NULL, 48, NULL, 141, '2004-08-16 00:00:00', 'Euro+ Shopping Channel', NULL, NULL, NULL, NULL, NULL),
(49, NULL, 49, NULL, 141, '2004-05-17 00:00:00', 'Euro+ Shopping Channel', NULL, NULL, NULL, NULL, NULL),
(50, NULL, 50, NULL, 144, '2004-12-12 00:00:00', 'Volvo Model Replicas, Co', NULL, NULL, NULL, NULL, NULL),
(51, NULL, 51, NULL, 144, '2003-04-09 00:00:00', 'Volvo Model Replicas, Co', NULL, NULL, NULL, NULL, NULL),
(52, NULL, 52, NULL, 145, '2004-07-03 00:00:00', 'Danish Wholesale Imports', NULL, NULL, NULL, NULL, NULL),
(53, NULL, 53, NULL, 145, '2004-04-26 00:00:00', 'Danish Wholesale Imports', NULL, NULL, NULL, NULL, NULL),
(54, NULL, 54, NULL, 145, '2004-12-01 00:00:00', 'Danish Wholesale Imports', NULL, NULL, NULL, NULL, NULL),
(55, NULL, 55, NULL, 145, '2003-02-20 00:00:00', 'Danish Wholesale Imports', NULL, NULL, NULL, NULL, NULL),
(56, NULL, 56, NULL, 146, '2004-03-18 00:00:00', 'Saveley & Henriot, Co.', NULL, NULL, NULL, NULL, NULL),
(57, NULL, 57, NULL, 146, '2004-01-16 00:00:00', 'Saveley & Henriot, Co.', NULL, NULL, NULL, NULL, NULL),
(58, NULL, 58, NULL, 146, '2003-12-10 00:00:00', 'Saveley & Henriot, Co.', NULL, NULL, NULL, NULL, NULL),
(59, NULL, 59, NULL, 148, '2003-04-22 00:00:00', 'Dragon Souveniers, Ltd.', NULL, NULL, NULL, NULL, NULL),
(60, NULL, 60, NULL, 148, '2004-08-11 00:00:00', 'Dragon Souveniers, Ltd.', NULL, NULL, NULL, NULL, NULL),
(61, NULL, 61, NULL, 148, '2003-12-26 00:00:00', 'Dragon Souveniers, Ltd.', NULL, NULL, NULL, NULL, NULL),
(62, NULL, 62, NULL, 148, '2005-03-27 00:00:00', 'Dragon Souveniers, Ltd.', NULL, NULL, NULL, NULL, NULL),
(63, NULL, 63, NULL, 151, '2003-12-22 00:00:00', 'Muscle Machine Inc', NULL, NULL, NULL, NULL, NULL),
(64, NULL, 64, NULL, 151, '2004-07-26 00:00:00', 'Muscle Machine Inc', NULL, NULL, NULL, NULL, NULL),
(65, NULL, 65, NULL, 151, '2003-06-18 00:00:00', 'Muscle Machine Inc', NULL, NULL, NULL, NULL, NULL),
(66, NULL, 66, NULL, 151, '2004-12-14 00:00:00', 'Muscle Machine Inc', NULL, NULL, NULL, NULL, NULL),
(67, NULL, 67, NULL, 157, '2004-11-19 00:00:00', 'Diecast Classics Inc.', NULL, NULL, NULL, NULL, NULL),
(68, NULL, 68, NULL, 157, '2004-09-07 00:00:00', 'Diecast Classics Inc.', NULL, NULL, NULL, NULL, NULL),
(69, NULL, 69, NULL, 161, '2004-11-14 00:00:00', 'Technics Stores Inc.', NULL, NULL, NULL, NULL, NULL),
(70, NULL, 70, NULL, 161, '2003-11-18 00:00:00', 'Technics Stores Inc.', NULL, NULL, NULL, NULL, NULL),
(71, NULL, 71, NULL, 161, '2005-02-02 00:00:00', 'Technics Stores Inc.', NULL, NULL, NULL, NULL, NULL),
(72, NULL, 72, NULL, 161, '2003-08-05 00:00:00', 'Technics Stores Inc.', NULL, NULL, NULL, NULL, NULL),
(73, NULL, 73, NULL, 166, '2004-09-16 00:00:00', 'Handji Gifts& Co', NULL, NULL, NULL, NULL, NULL),
(74, NULL, 74, NULL, 166, '2004-07-07 00:00:00', 'Handji Gifts& Co', NULL, NULL, NULL, NULL, NULL),
(75, NULL, 75, NULL, 166, '2004-02-28 00:00:00', 'Handji Gifts& Co', NULL, NULL, NULL, NULL, NULL),
(76, NULL, 76, NULL, 167, '2004-09-19 00:00:00', 'Herkku Gifts', NULL, NULL, NULL, NULL, NULL),
(77, NULL, 77, NULL, 167, '2003-12-03 00:00:00', 'Herkku Gifts', NULL, NULL, NULL, NULL, NULL),
(78, NULL, 78, NULL, 171, '2004-03-15 00:00:00', 'Daedalus Designs Imports', NULL, NULL, NULL, NULL, NULL),
(79, NULL, 79, NULL, 171, '2003-11-22 00:00:00', 'Daedalus Designs Imports', NULL, NULL, NULL, NULL, NULL),
(80, NULL, 80, NULL, 172, '2004-09-09 00:00:00', 'La Corne D\'abondance, Co.', NULL, NULL, NULL, NULL, NULL),
(81, NULL, 81, NULL, 172, '2004-12-04 00:00:00', 'La Corne D\'abondance, Co.', NULL, NULL, NULL, NULL, NULL),
(82, NULL, 82, NULL, 172, '2003-04-20 00:00:00', 'La Corne D\'abondance, Co.', NULL, NULL, NULL, NULL, NULL),
(83, NULL, 83, NULL, 173, '2004-05-13 00:00:00', 'Cambridge Collectables Co.', NULL, NULL, NULL, NULL, NULL),
(84, NULL, 84, NULL, 173, '2004-03-29 00:00:00', 'Cambridge Collectables Co.', NULL, NULL, NULL, NULL, NULL),
(85, NULL, 85, NULL, 175, '2005-05-19 00:00:00', 'Gift Depot Inc.', NULL, NULL, NULL, NULL, NULL),
(86, NULL, 86, NULL, 175, '2003-11-19 00:00:00', 'Gift Depot Inc.', NULL, NULL, NULL, NULL, NULL),
(87, NULL, 87, NULL, 175, '2004-07-10 00:00:00', 'Gift Depot Inc.', NULL, NULL, NULL, NULL, NULL),
(88, NULL, 88, NULL, 177, '2004-04-17 00:00:00', 'Osaka Souveniers Co.', NULL, NULL, NULL, NULL, NULL),
(89, NULL, 89, NULL, 177, '2004-01-19 00:00:00', 'Osaka Souveniers Co.', NULL, NULL, NULL, NULL, NULL),
(90, NULL, 90, NULL, 181, '2004-04-25 00:00:00', 'Vitachrome Inc.', NULL, NULL, NULL, NULL, NULL),
(91, NULL, 91, NULL, 181, '2003-01-30 00:00:00', 'Vitachrome Inc.', NULL, NULL, NULL, NULL, NULL),
(92, NULL, 92, NULL, 181, '2004-11-16 00:00:00', 'Vitachrome Inc.', NULL, NULL, NULL, NULL, NULL),
(93, NULL, 93, NULL, 186, '2005-03-10 00:00:00', 'Toys of Finland, Co.', NULL, NULL, NULL, NULL, NULL),
(94, NULL, 94, NULL, 186, '2003-10-27 00:00:00', 'Toys of Finland, Co.', NULL, NULL, NULL, NULL, NULL),
(95, NULL, 95, NULL, 186, '2004-10-21 00:00:00', 'Toys of Finland, Co.', NULL, NULL, NULL, NULL, NULL),
(96, NULL, 96, NULL, 187, '2004-11-03 00:00:00', 'AV Stores, Co.', NULL, NULL, NULL, NULL, NULL),
(97, NULL, 97, NULL, 187, '2004-12-08 00:00:00', 'AV Stores, Co.', NULL, NULL, NULL, NULL, NULL),
(98, NULL, 98, NULL, 187, '2003-03-27 00:00:00', 'AV Stores, Co.', NULL, NULL, NULL, NULL, NULL),
(99, NULL, 99, NULL, 189, '2004-10-03 00:00:00', 'Clover Collections, Co.', NULL, NULL, NULL, NULL, NULL),
(100, NULL, 100, NULL, 189, '2004-03-01 00:00:00', 'Clover Collections, Co.', NULL, NULL, NULL, NULL, NULL),
(101, NULL, 101, NULL, 198, '2004-12-06 00:00:00', 'Auto-Moto Classics Inc.', NULL, NULL, NULL, NULL, NULL),
(102, NULL, 102, NULL, 198, '2003-07-06 00:00:00', 'Auto-Moto Classics Inc.', NULL, NULL, NULL, NULL, NULL),
(103, NULL, 103, NULL, 198, '2004-09-21 00:00:00', 'Auto-Moto Classics Inc.', NULL, NULL, NULL, NULL, NULL),
(104, NULL, 104, NULL, 201, '2003-10-20 00:00:00', 'UK Collectables, Ltd.', NULL, NULL, NULL, NULL, NULL),
(105, NULL, 105, NULL, 201, '2004-06-15 00:00:00', 'UK Collectables, Ltd.', NULL, NULL, NULL, NULL, NULL),
(106, NULL, 106, NULL, 202, '2003-12-18 00:00:00', 'Canadian Gift Exchange Network', NULL, NULL, NULL, NULL, NULL),
(107, NULL, 107, NULL, 202, '2004-11-08 00:00:00', 'Canadian Gift Exchange Network', NULL, NULL, NULL, NULL, NULL),
(108, NULL, 108, NULL, 204, '2004-08-13 00:00:00', 'Online Mini Collectables', NULL, NULL, NULL, NULL, NULL),
(109, NULL, 109, NULL, 204, '2004-09-24 00:00:00', 'Online Mini Collectables', NULL, NULL, NULL, NULL, NULL),
(110, NULL, 110, NULL, 205, '2003-12-04 00:00:00', 'Toys4GrownUps.com', NULL, NULL, NULL, NULL, NULL),
(111, NULL, 111, NULL, 205, '2003-09-05 00:00:00', 'Toys4GrownUps.com', NULL, NULL, NULL, NULL, NULL),
(112, NULL, 112, NULL, 205, '2005-02-06 00:00:00', 'Toys4GrownUps.com', NULL, NULL, NULL, NULL, NULL),
(113, NULL, 113, NULL, 209, '2005-05-03 00:00:00', 'Mini Caravy', NULL, NULL, NULL, NULL, NULL),
(114, NULL, 114, NULL, 209, '2004-06-21 00:00:00', 'Mini Caravy', NULL, NULL, NULL, NULL, NULL),
(115, NULL, 115, NULL, 209, '2004-05-04 00:00:00', 'Mini Caravy', NULL, NULL, NULL, NULL, NULL),
(116, NULL, 116, NULL, 211, '2003-12-09 00:00:00', 'King Kong Collectables, Co.', NULL, NULL, NULL, NULL, NULL),
(117, NULL, 117, NULL, 216, '2003-05-09 00:00:00', 'Enaco Distributors', NULL, NULL, NULL, NULL, NULL),
(118, NULL, 118, NULL, 216, '2004-12-06 00:00:00', 'Enaco Distributors', NULL, NULL, NULL, NULL, NULL),
(119, NULL, 119, NULL, 216, '2003-12-14 00:00:00', 'Enaco Distributors', NULL, NULL, NULL, NULL, NULL),
(120, NULL, 120, NULL, 219, '2005-03-02 00:00:00', 'Boards & Toys Co.', NULL, NULL, NULL, NULL, NULL),
(121, NULL, 121, NULL, 219, '2003-10-18 00:00:00', 'Boards & Toys Co.', NULL, NULL, NULL, NULL, NULL),
(122, NULL, 122, NULL, 227, '2003-10-31 00:00:00', 'Heintze Collectables', NULL, NULL, NULL, NULL, NULL),
(123, NULL, 123, NULL, 227, '2004-11-02 00:00:00', 'Heintze Collectables', NULL, NULL, NULL, NULL, NULL),
(124, NULL, 124, NULL, 233, '2005-05-20 00:00:00', 'Québec Home Shopping Network', NULL, NULL, NULL, NULL, NULL),
(125, NULL, 125, NULL, 233, '2004-07-01 00:00:00', 'Québec Home Shopping Network', NULL, NULL, NULL, NULL, NULL),
(126, NULL, 126, NULL, 233, '2003-11-18 00:00:00', 'Québec Home Shopping Network', NULL, NULL, NULL, NULL, NULL),
(127, NULL, 127, NULL, 239, '2004-03-15 00:00:00', 'Collectable Mini Designs Co.', NULL, NULL, NULL, NULL, NULL),
(128, NULL, 128, NULL, 240, '2004-11-16 00:00:00', 'giftsbymail.co.uk', NULL, NULL, NULL, NULL, NULL),
(129, NULL, 129, NULL, 240, '2004-03-28 00:00:00', 'giftsbymail.co.uk', NULL, NULL, NULL, NULL, NULL),
(130, NULL, 130, NULL, 242, '2003-11-22 00:00:00', 'Alpha Cognac', NULL, NULL, NULL, NULL, NULL),
(131, NULL, 131, NULL, 242, '2005-06-03 00:00:00', 'Alpha Cognac', NULL, NULL, NULL, NULL, NULL),
(132, NULL, 132, NULL, 242, '2003-07-21 00:00:00', 'Alpha Cognac', NULL, NULL, NULL, NULL, NULL),
(133, NULL, 133, NULL, 249, '2004-09-19 00:00:00', 'Amica Models & Co.', NULL, NULL, NULL, NULL, NULL),
(134, NULL, 134, NULL, 249, '2004-09-04 00:00:00', 'Amica Models & Co.', NULL, NULL, NULL, NULL, NULL),
(135, NULL, 135, NULL, 250, '2005-05-17 00:00:00', 'Lyon Souveniers', NULL, NULL, NULL, NULL, NULL),
(136, NULL, 136, NULL, 250, '2004-12-30 00:00:00', 'Lyon Souveniers', NULL, NULL, NULL, NULL, NULL),
(137, NULL, 137, NULL, 250, '2003-07-18 00:00:00', 'Lyon Souveniers', NULL, NULL, NULL, NULL, NULL),
(138, NULL, 138, NULL, 256, '2004-02-10 00:00:00', 'Auto Associés & Cie.', NULL, NULL, NULL, NULL, NULL),
(139, NULL, 139, NULL, 256, '2004-10-22 00:00:00', 'Auto Associés & Cie.', NULL, NULL, NULL, NULL, NULL),
(140, NULL, 140, NULL, 259, '2004-11-06 00:00:00', 'Toms Spezialitäten, Ltd', NULL, NULL, NULL, NULL, NULL),
(141, NULL, 141, NULL, 259, '2003-12-07 00:00:00', 'Toms Spezialitäten, Ltd', NULL, NULL, NULL, NULL, NULL),
(142, NULL, 142, NULL, 260, '2004-08-30 00:00:00', 'Royal Canadian Collectables, Ltd.', NULL, NULL, NULL, NULL, NULL),
(143, NULL, 143, NULL, 260, '2004-04-24 00:00:00', 'Royal Canadian Collectables, Ltd.', NULL, NULL, NULL, NULL, NULL),
(144, NULL, 144, NULL, 276, '2005-02-09 00:00:00', 'Anna\'s Decorations, Ltd', NULL, NULL, NULL, NULL, NULL),
(145, NULL, 145, NULL, 276, '2003-11-13 00:00:00', 'Anna\'s Decorations, Ltd', NULL, NULL, NULL, NULL, NULL),
(146, NULL, 146, NULL, 276, '2003-09-28 00:00:00', 'Anna\'s Decorations, Ltd', NULL, NULL, NULL, NULL, NULL),
(147, NULL, 147, NULL, 276, '2005-04-30 00:00:00', 'Anna\'s Decorations, Ltd', NULL, NULL, NULL, NULL, NULL),
(148, NULL, 148, NULL, 278, '2004-12-05 00:00:00', 'Rovelli Gifts', NULL, NULL, NULL, NULL, NULL),
(149, NULL, 149, NULL, 278, '2003-03-02 00:00:00', 'Rovelli Gifts', NULL, NULL, NULL, NULL, NULL),
(150, NULL, 150, NULL, 278, '2003-11-24 00:00:00', 'Rovelli Gifts', NULL, NULL, NULL, NULL, NULL),
(151, NULL, 151, NULL, 282, '2003-08-03 00:00:00', 'Souveniers And Things Co.', NULL, NULL, NULL, NULL, NULL),
(152, NULL, 152, NULL, 282, '2004-08-02 00:00:00', 'Souveniers And Things Co.', NULL, NULL, NULL, NULL, NULL),
(153, NULL, 153, NULL, 282, '2005-01-03 00:00:00', 'Souveniers And Things Co.', NULL, NULL, NULL, NULL, NULL),
(154, NULL, 154, NULL, 286, '2004-10-28 00:00:00', 'Marta\'s Replicas Co.', NULL, NULL, NULL, NULL, NULL),
(155, NULL, 155, NULL, 286, '2004-09-05 00:00:00', 'Marta\'s Replicas Co.', NULL, NULL, NULL, NULL, NULL),
(156, NULL, 156, NULL, 298, '2004-03-13 00:00:00', 'Vida Sport, Ltd', NULL, NULL, NULL, NULL, NULL),
(157, NULL, 157, NULL, 298, '2004-09-18 00:00:00', 'Vida Sport, Ltd', NULL, NULL, NULL, NULL, NULL),
(158, NULL, 158, NULL, 299, '2003-10-24 00:00:00', 'Norway Gifts By Mail, Co.', NULL, NULL, NULL, NULL, NULL),
(159, NULL, 159, NULL, 299, '2004-09-05 00:00:00', 'Norway Gifts By Mail, Co.', NULL, NULL, NULL, NULL, NULL),
(160, NULL, 160, NULL, 311, '2005-02-15 00:00:00', 'Oulu Toy Supplies, Inc.', NULL, NULL, NULL, NULL, NULL),
(161, NULL, 161, NULL, 311, '2003-10-06 00:00:00', 'Oulu Toy Supplies, Inc.', NULL, NULL, NULL, NULL, NULL),
(162, NULL, 162, NULL, 311, '2004-04-25 00:00:00', 'Oulu Toy Supplies, Inc.', NULL, NULL, NULL, NULL, NULL),
(163, NULL, 163, NULL, 314, '2004-08-09 00:00:00', 'Petit Auto', NULL, NULL, NULL, NULL, NULL),
(164, NULL, 164, NULL, 314, '2004-03-03 00:00:00', 'Petit Auto', NULL, NULL, NULL, NULL, NULL),
(165, NULL, 165, NULL, 319, '2004-11-06 00:00:00', 'Mini Classics', NULL, NULL, NULL, NULL, NULL),
(166, NULL, 166, NULL, 319, '2003-12-07 00:00:00', 'Mini Classics', NULL, NULL, NULL, NULL, NULL),
(167, NULL, 167, NULL, 320, '2005-01-18 00:00:00', 'Mini Creations Ltd.', NULL, NULL, NULL, NULL, NULL),
(168, NULL, 168, NULL, 320, '2003-08-20 00:00:00', 'Mini Creations Ltd.', NULL, NULL, NULL, NULL, NULL),
(169, NULL, 169, NULL, 320, '2003-11-24 00:00:00', 'Mini Creations Ltd.', NULL, NULL, NULL, NULL, NULL),
(170, NULL, 170, NULL, 321, '2003-11-03 00:00:00', 'Corporate Gift Ideas Co.', NULL, NULL, NULL, NULL, NULL),
(171, NULL, 171, NULL, 321, '2005-03-15 00:00:00', 'Corporate Gift Ideas Co.', NULL, NULL, NULL, NULL, NULL),
(172, NULL, 172, NULL, 323, '2005-05-23 00:00:00', 'Down Under Souveniers, Inc', NULL, NULL, NULL, NULL, NULL),
(173, NULL, 173, NULL, 323, '2004-06-24 00:00:00', 'Down Under Souveniers, Inc', NULL, NULL, NULL, NULL, NULL),
(174, NULL, 174, NULL, 323, '2003-07-05 00:00:00', 'Down Under Souveniers, Inc', NULL, NULL, NULL, NULL, NULL),
(175, NULL, 175, NULL, 323, '2004-12-24 00:00:00', 'Down Under Souveniers, Inc', NULL, NULL, NULL, NULL, NULL),
(176, NULL, 176, NULL, 324, '2004-12-13 00:00:00', 'Stylish Desk Decors, Co.', NULL, NULL, NULL, NULL, NULL),
(177, NULL, 177, NULL, 324, '2003-07-07 00:00:00', 'Stylish Desk Decors, Co.', NULL, NULL, NULL, NULL, NULL),
(178, NULL, 178, NULL, 324, '2003-11-23 00:00:00', 'Stylish Desk Decors, Co.', NULL, NULL, NULL, NULL, NULL),
(179, NULL, 179, NULL, 328, '2004-04-16 00:00:00', 'Tekni Collectables Inc.', NULL, NULL, NULL, NULL, NULL),
(180, NULL, 180, NULL, 328, '2004-05-30 00:00:00', 'Tekni Collectables Inc.', NULL, NULL, NULL, NULL, NULL),
(181, NULL, 181, NULL, 333, '2003-11-15 00:00:00', 'Australian Gift Network, Co', NULL, NULL, NULL, NULL, NULL),
(182, NULL, 182, NULL, 333, '2003-10-17 00:00:00', 'Australian Gift Network, Co', NULL, NULL, NULL, NULL, NULL),
(183, NULL, 183, NULL, 333, '2005-03-01 00:00:00', 'Australian Gift Network, Co', NULL, NULL, NULL, NULL, NULL),
(184, NULL, 184, NULL, 334, '2005-01-27 00:00:00', 'Suominen Souveniers', NULL, NULL, NULL, NULL, NULL),
(185, NULL, 185, NULL, 334, '2003-08-16 00:00:00', 'Suominen Souveniers', NULL, NULL, NULL, NULL, NULL),
(186, NULL, 186, NULL, 334, '2004-05-22 00:00:00', 'Suominen Souveniers', NULL, NULL, NULL, NULL, NULL),
(187, NULL, 187, NULL, 339, '2004-10-24 00:00:00', 'Classic Gift Ideas, Inc', NULL, NULL, NULL, NULL, NULL),
(188, NULL, 188, NULL, 339, '2003-11-28 00:00:00', 'Classic Gift Ideas, Inc', NULL, NULL, NULL, NULL, NULL),
(189, NULL, 189, NULL, 344, '2003-11-24 00:00:00', 'CAF Imports', NULL, NULL, NULL, NULL, NULL),
(190, NULL, 190, NULL, 344, '2004-04-02 00:00:00', 'CAF Imports', NULL, NULL, NULL, NULL, NULL),
(191, NULL, 191, NULL, 347, '2004-01-18 00:00:00', 'Men \'R\' US Retailers, Ltd.', NULL, NULL, NULL, NULL, NULL),
(192, NULL, 192, NULL, 347, '2003-10-24 00:00:00', 'Men \'R\' US Retailers, Ltd.', NULL, NULL, NULL, NULL, NULL),
(193, NULL, 193, NULL, 350, '2004-12-11 00:00:00', 'Marseille Mini Autos', NULL, NULL, NULL, NULL, NULL),
(194, NULL, 194, NULL, 350, '2003-05-25 00:00:00', 'Marseille Mini Autos', NULL, NULL, NULL, NULL, NULL),
(195, NULL, 195, NULL, 350, '2005-01-29 00:00:00', 'Marseille Mini Autos', NULL, NULL, NULL, NULL, NULL),
(196, NULL, 196, NULL, 353, '2005-01-10 00:00:00', 'Reims Collectables', NULL, NULL, NULL, NULL, NULL),
(197, NULL, 197, NULL, 353, '2003-07-21 00:00:00', 'Reims Collectables', NULL, NULL, NULL, NULL, NULL),
(198, NULL, 198, NULL, 353, '2003-05-21 00:00:00', 'Reims Collectables', NULL, NULL, NULL, NULL, NULL),
(199, NULL, 199, NULL, 353, '2005-06-09 00:00:00', 'Reims Collectables', NULL, NULL, NULL, NULL, NULL),
(200, NULL, 200, NULL, 357, '2003-12-16 00:00:00', 'GiftsForHim.com', NULL, NULL, NULL, NULL, NULL),
(201, NULL, 201, NULL, 357, '2004-05-15 00:00:00', 'GiftsForHim.com', NULL, NULL, NULL, NULL, NULL),
(202, NULL, 202, NULL, 362, '2004-07-11 00:00:00', 'Gifts4AllAges.com', NULL, NULL, NULL, NULL, NULL),
(203, NULL, 203, NULL, 362, '2004-09-21 00:00:00', 'Gifts4AllAges.com', NULL, NULL, NULL, NULL, NULL),
(204, NULL, 204, NULL, 363, '2004-11-17 00:00:00', 'Online Diecast Creations Co.', NULL, NULL, NULL, NULL, NULL),
(205, NULL, 205, NULL, 363, '2003-01-16 00:00:00', 'Online Diecast Creations Co.', NULL, NULL, NULL, NULL, NULL),
(206, NULL, 206, NULL, 363, '2003-12-05 00:00:00', 'Online Diecast Creations Co.', NULL, NULL, NULL, NULL, NULL),
(207, NULL, 207, NULL, 379, '2005-02-12 00:00:00', 'Collectables For Less Inc.', NULL, NULL, NULL, NULL, NULL),
(208, NULL, 208, NULL, 379, '2003-09-16 00:00:00', 'Collectables For Less Inc.', NULL, NULL, NULL, NULL, NULL),
(209, NULL, 209, NULL, 379, '2004-08-02 00:00:00', 'Collectables For Less Inc.', NULL, NULL, NULL, NULL, NULL),
(210, NULL, 210, NULL, 381, '2004-12-03 00:00:00', 'Royale Belge', NULL, NULL, NULL, NULL, NULL),
(211, NULL, 211, NULL, 381, '2003-04-19 00:00:00', 'Royale Belge', NULL, NULL, NULL, NULL, NULL),
(212, NULL, 212, NULL, 381, '2005-02-03 00:00:00', 'Royale Belge', NULL, NULL, NULL, NULL, NULL),
(213, NULL, 213, NULL, 381, '2003-08-22 00:00:00', 'Royale Belge', NULL, NULL, NULL, NULL, NULL),
(214, NULL, 214, NULL, 382, '2003-05-12 00:00:00', 'Salzburg Collectables', NULL, NULL, NULL, NULL, NULL),
(215, NULL, 215, NULL, 382, '2004-08-01 00:00:00', 'Salzburg Collectables', NULL, NULL, NULL, NULL, NULL),
(216, NULL, 216, NULL, 382, '2004-11-27 00:00:00', 'Salzburg Collectables', NULL, NULL, NULL, NULL, NULL),
(217, NULL, 217, NULL, 385, '2003-12-02 00:00:00', 'Cruz & Sons Co.', NULL, NULL, NULL, NULL, NULL),
(218, NULL, 218, NULL, 385, '2004-11-19 00:00:00', 'Cruz & Sons Co.', NULL, NULL, NULL, NULL, NULL),
(219, NULL, 219, NULL, 385, '2003-03-09 00:00:00', 'Cruz & Sons Co.', NULL, NULL, NULL, NULL, NULL),
(220, NULL, 220, NULL, 386, '2003-11-18 00:00:00', 'L\'ordine Souveniers', NULL, NULL, NULL, NULL, NULL),
(221, NULL, 221, NULL, 386, '2004-07-18 00:00:00', 'L\'ordine Souveniers', NULL, NULL, NULL, NULL, NULL),
(222, NULL, 222, NULL, 398, '2005-02-14 00:00:00', 'Tokyo Collectables, Ltd', NULL, NULL, NULL, NULL, NULL),
(223, NULL, 223, NULL, 398, '2004-06-21 00:00:00', 'Tokyo Collectables, Ltd', NULL, NULL, NULL, NULL, NULL),
(224, NULL, 224, NULL, 398, '2005-05-18 00:00:00', 'Tokyo Collectables, Ltd', NULL, NULL, NULL, NULL, NULL),
(225, NULL, 225, NULL, 398, '2004-11-29 00:00:00', 'Tokyo Collectables, Ltd', NULL, NULL, NULL, NULL, NULL),
(226, NULL, 226, NULL, 406, '2005-04-23 00:00:00', 'Auto Canal+ Petit', NULL, NULL, NULL, NULL, NULL),
(227, NULL, 227, NULL, 406, '2004-01-28 00:00:00', 'Auto Canal+ Petit', NULL, NULL, NULL, NULL, NULL),
(228, NULL, 228, NULL, 406, '2004-06-17 00:00:00', 'Auto Canal+ Petit', NULL, NULL, NULL, NULL, NULL),
(229, NULL, 229, NULL, 412, '2004-07-25 00:00:00', 'Extreme Desk Decorations, Ltd', NULL, NULL, NULL, NULL, NULL),
(230, NULL, 230, NULL, 412, '2004-04-14 00:00:00', 'Extreme Desk Decorations, Ltd', NULL, NULL, NULL, NULL, NULL),
(231, NULL, 231, NULL, 415, '2004-09-28 00:00:00', 'Bavarian Collectables Imports, Co.', NULL, NULL, NULL, NULL, NULL),
(232, NULL, 232, NULL, 424, '2004-12-07 00:00:00', 'Classic Legends Inc.', NULL, NULL, NULL, NULL, NULL),
(233, NULL, 233, NULL, 424, '2003-04-16 00:00:00', 'Classic Legends Inc.', NULL, NULL, NULL, NULL, NULL),
(234, NULL, 234, NULL, 424, '2003-10-31 00:00:00', 'Classic Legends Inc.', NULL, NULL, NULL, NULL, NULL),
(235, NULL, 235, NULL, 447, '2003-09-15 00:00:00', 'Gift Ideas Corp.', NULL, NULL, NULL, NULL, NULL),
(236, NULL, 236, NULL, 447, '2003-06-25 00:00:00', 'Gift Ideas Corp.', NULL, NULL, NULL, NULL, NULL),
(237, NULL, 237, NULL, 447, '2004-12-17 00:00:00', 'Gift Ideas Corp.', NULL, NULL, NULL, NULL, NULL),
(238, NULL, 238, NULL, 448, '2005-04-18 00:00:00', 'Scandinavian Gift Ideas', NULL, NULL, NULL, NULL, NULL),
(239, NULL, 239, NULL, 448, '2004-09-30 00:00:00', 'Scandinavian Gift Ideas', NULL, NULL, NULL, NULL, NULL),
(240, NULL, 240, NULL, 450, '2004-06-21 00:00:00', 'The Sharp Gifts Warehouse', NULL, NULL, NULL, NULL, NULL),
(241, NULL, 241, NULL, 452, '2003-11-15 00:00:00', 'Mini Auto Werke', NULL, NULL, NULL, NULL, NULL),
(242, NULL, 242, NULL, 452, '2003-11-20 00:00:00', 'Mini Auto Werke', NULL, NULL, NULL, NULL, NULL),
(243, NULL, 243, NULL, 452, '2005-05-03 00:00:00', 'Mini Auto Werke', NULL, NULL, NULL, NULL, NULL),
(244, NULL, 244, NULL, 455, '2003-12-05 00:00:00', 'Super Scale Inc.', NULL, NULL, NULL, NULL, NULL),
(245, NULL, 245, NULL, 455, '2004-05-12 00:00:00', 'Super Scale Inc.', NULL, NULL, NULL, NULL, NULL),
(246, NULL, 246, NULL, 456, '2004-11-13 00:00:00', 'Microscale Inc.', NULL, NULL, NULL, NULL, NULL),
(247, NULL, 247, NULL, 456, '2004-04-30 00:00:00', 'Microscale Inc.', NULL, NULL, NULL, NULL, NULL),
(248, NULL, 248, NULL, 458, '2004-11-15 00:00:00', 'Corrida Auto Replicas, Ltd', NULL, NULL, NULL, NULL, NULL),
(249, NULL, 249, NULL, 458, '2004-02-06 00:00:00', 'Corrida Auto Replicas, Ltd', NULL, NULL, NULL, NULL, NULL),
(250, NULL, 250, NULL, 458, '2003-06-13 00:00:00', 'Corrida Auto Replicas, Ltd', NULL, NULL, NULL, NULL, NULL),
(251, NULL, 251, NULL, 462, '2005-04-15 00:00:00', 'FunGiftIdeas.com', NULL, NULL, NULL, NULL, NULL),
(252, NULL, 252, NULL, 462, '2003-11-08 00:00:00', 'FunGiftIdeas.com', NULL, NULL, NULL, NULL, NULL),
(253, NULL, 253, NULL, 462, '2004-11-27 00:00:00', 'FunGiftIdeas.com', NULL, NULL, NULL, NULL, NULL),
(254, NULL, 254, NULL, 471, '2004-07-28 00:00:00', 'Australian Collectables, Ltd', NULL, NULL, NULL, NULL, NULL),
(255, NULL, 255, NULL, 471, '2003-12-10 00:00:00', 'Australian Collectables, Ltd', NULL, NULL, NULL, NULL, NULL),
(256, NULL, 256, NULL, 473, '2004-02-17 00:00:00', 'Frau da Collezione', NULL, NULL, NULL, NULL, NULL),
(257, NULL, 257, NULL, 473, '2003-10-27 00:00:00', 'Frau da Collezione', NULL, NULL, NULL, NULL, NULL),
(258, NULL, 258, NULL, 475, '2003-12-09 00:00:00', 'West Coast Collectables Co.', NULL, NULL, NULL, NULL, NULL),
(259, NULL, 259, NULL, 475, '2004-02-13 00:00:00', 'West Coast Collectables Co.', NULL, NULL, NULL, NULL, NULL),
(260, NULL, 260, NULL, 484, '2004-10-26 00:00:00', 'Iberia Gift Imports, Corp.', NULL, NULL, NULL, NULL, NULL),
(261, NULL, 261, NULL, 484, '2003-11-29 00:00:00', 'Iberia Gift Imports, Corp.', NULL, NULL, NULL, NULL, NULL),
(262, NULL, 262, NULL, 486, '2004-04-14 00:00:00', 'Motor Mint Distributors Inc.', NULL, NULL, NULL, NULL, NULL),
(263, NULL, 263, NULL, 486, '2004-11-23 00:00:00', 'Motor Mint Distributors Inc.', NULL, NULL, NULL, NULL, NULL),
(264, NULL, 264, NULL, 486, '2003-03-20 00:00:00', 'Motor Mint Distributors Inc.', NULL, NULL, NULL, NULL, NULL),
(265, NULL, 265, NULL, 487, '2003-09-28 00:00:00', 'Signal Collectibles Ltd.', NULL, NULL, NULL, NULL, NULL),
(266, NULL, 266, NULL, 487, '2004-02-29 00:00:00', 'Signal Collectibles Ltd.', NULL, NULL, NULL, NULL, NULL),
(267, NULL, 267, NULL, 489, '2003-12-04 00:00:00', 'Double Decker Gift Stores, Ltd', NULL, NULL, NULL, NULL, NULL),
(268, NULL, 268, NULL, 489, '2004-01-31 00:00:00', 'Double Decker Gift Stores, Ltd', NULL, NULL, NULL, NULL, NULL),
(269, NULL, 269, NULL, 495, '2003-12-26 00:00:00', 'Diecast Collectables', NULL, NULL, NULL, NULL, NULL),
(270, NULL, 270, NULL, 495, '2004-05-14 00:00:00', 'Diecast Collectables', NULL, NULL, NULL, NULL, NULL),
(271, NULL, 271, NULL, 496, '2005-05-25 00:00:00', 'Kelly\'s Gift Shop', NULL, NULL, NULL, NULL, NULL),
(272, NULL, 272, NULL, 496, '2003-07-16 00:00:00', 'Kelly\'s Gift Shop', NULL, NULL, NULL, NULL, NULL),
(273, NULL, 273, NULL, 496, '2004-12-31 00:00:00', 'Kelly\'s Gift Shop', NULL, NULL, NULL, NULL, NULL);
COMMIT;

/*!40101 SET CHARACTER_SET_CLIENT=@OLD_CHARACTER_SET_CLIENT */;
/*!40101 SET CHARACTER_SET_RESULTS=@OLD_CHARACTER_SET_RESULTS */;
/*!40101 SET COLLATION_CONNECTION=@OLD_COLLATION_CONNECTION */;
